[
  {
    "fields": {
      "descripcion": "EL USUARIO ENCARGADO DEL PERITAJE ",
      "nombre": "INSPECTOR",
      "codigo": "INSP"
    },
    "model": "registro.tipousuario",
    "pk": 1
  },
  {
    "fields": {
      "descripcion": "EL USUARIO ENCARGADO EN GENERAR LOS TICKETS DE INSPECCION",
      "nombre": "TAQUILLA",
      "codigo": "TAQ"
    },
    "model": "registro.tipousuario",
    "pk": 2
  },
  {
    "fields": {
      "descripcion": "EL USUARIO ADMINISTRADOR QUE SE ENCARGA DE ADMINISTRAR USUARIOS, CLIENTES,ETC",
      "nombre": "ADMINISTRADOR",
      "codigo": "ADM"
    },
    "model": "registro.tipousuario",
    "pk": 3
  },
  {
    "fields": {
      "descripcion": "EL USUARIO SE ENCUENTRA ACTIVO EN EL SISTEMA",
      "nombre": "ACTIVO",
      "codigo": "ACT"
    },
    "model": "registro.status",
    "pk": 1
  },
  {
    "fields": {
      "descripcion": "EL USUARIO SE ENCUENTRA BLOQUEADO EN EL SISTEMA",
      "nombre": "BLOQUEADO",
      "codigo": "BLOQ"
    },
    "model": "registro.status",
    "pk": 2
  },
  {
    "fields": {
      "descripcion": "EL USUARIO SE ENCUENTRA INACTIVO EN EL SISTEMA",
      "nombre": "INACTIVO",
      "codigo": "INACT"
    },
    "model": "registro.status",
    "pk": 3
  },
  {
    "fields": {
      "username": "admin.admin",
      "fk_status": 1,
      "apellido": "admin",
      "intentos_login": 0,
      "is_active": true,
      "last_login": "2017-05-31T03:43:20.816Z",
      "correo_electronico": "admin.shsa@gmail.com",
      "nombre": "admin",
      "password": "pbkdf2_sha256$30000$1rypOHhRo0Bc$sKodgM0pd4qLEoNPFY3JAd0MLe8IyNmuVR76kluWA/I=",
      "fk_tipo_usuario": 3,
      "cedula": "00000000"
    },
    "model": "registro.usuario",
    "pk": 1
  },
  {
    "fields": {
      "username": "usuario2",
      "fk_status": 1,
      "apellido": "apellido usuario2",
      "intentos_login": 0,
      "is_active": true,
      "last_login": "2017-04-26T02:47:26.562Z",
      "correo_electronico": "tesis.shsa@gmail.com",
      "nombre": "nombre usuario2",
      "password": "pbkdf2_sha256$30000$m7s6wQiF7II2$8TbmN6tlvu0Y4Z0pHShh7e74m0FSJXJYtgaolL5H2QA=",
      "fk_tipo_usuario": 1,
      "cedula": "22222222"
    },
    "model": "registro.usuario",
    "pk": 2
  },
  {
    "fields": {
      "username": "usuario3",
      "fk_status": 1,
      "apellido": "apellido usuario3",
      "intentos_login": 0,
      "is_active": true,
      "last_login": null,
      "correo_electronico": "usuario3@gmail.com",
      "nombre": "nombre usuario3",
      "password": "pbkdf2_sha256$30000$1rypOHhRo0Bc$sKodgM0pd4qLEoNPFY3JAd0MLe8IyNmuVR76kluWA/I=",
      "fk_tipo_usuario": 1,
      "cedula": "33333333"
    },
    "model": "registro.usuario",
    "pk": 3
  },
  {
    "fields": {
      "username": "usuario4",
      "fk_status": 1,
      "apellido": "apellido usuario4",
      "intentos_login": 0,
      "is_active": true,
      "last_login": null,
      "correo_electronico": "usuario4@gmail.com",
      "nombre": "nombre usuario4",
      "password": "pbkdf2_sha256$30000$LunI1YXin73X$tvzt1SkViCbyc+IFFzDTlSDTBj/OaC10yyjtQVJbvBY=",
      "fk_tipo_usuario": 1,
      "cedula": "44444444"
    },
    "model": "registro.usuario",
    "pk": 4
  },
  {
    "fields": {
      "username": "asdqwe",
      "fk_status": 1,
      "apellido": "zamora oiausdoiu",
      "intentos_login": 0,
      "is_active": true,
      "last_login": "2017-06-04T00:23:43.434Z",
      "correo_electronico": "raxs64@gmail.com",
      "nombre": "ezquiel asdias",
      "password": "pbkdf2_sha256$30000$6iuYoOT63IKJ$FvmcCFrPbv8Eqk8az/m/QlwkrVuijbJYEOmaBO08q7Y=",
      "fk_tipo_usuario": 2,
      "cedula": "55555555"
    },
    "model": "registro.usuario",
    "pk": 5
  },
  {
    "fields": {
      "descripcion": "Solicitud en estado abierta, pendiente por inspeccionar el vehiculo",
      "nombre": "Abierta",
      "codigo": "PEND_INSP"
    },
    "model": "rcs.estadosolicitud",
    "pk": 1
  },
  {
    "fields": {
      "descripcion": "Solicitud luego de ser inspeccionado el vehiculo, pendiente por gestionar",
      "nombre": "Por revisar",
      "codigo": "PEND_GEST"
    },
    "model": "rcs.estadosolicitud",
    "pk": 2
  },
  {
    "fields": {
      "descripcion": "Solicitud en estado cerrada, luego de haber sido gestionada la solicitud",
      "nombre": "Cerrada",
      "codigo": "CERRADA"
    },
    "model": "rcs.estadosolicitud",
    "pk": 3
  },
  {
    "fields": {
      "descripcion": "El vehiculo esta en buen estado ",
      "nombre": "BUENO",
      "codigo": "B",
      "clase": null
    },
    "model": "rcs.estadovehiculo",
    "pk": 1
  },
  {
    "fields": {
      "descripcion": "El vehiculo esta en estado regular",
      "nombre": "REGULAR",
      "codigo": "R",
      "clase": null
    },
    "model": "rcs.estadovehiculo",
    "pk": 2
  },
  {
    "fields": {
      "descripcion": "El vehiculo esta en mal estado ",
      "nombre": "MALO",
      "codigo": "M",
      "clase": null
    },
    "model": "rcs.estadovehiculo",
    "pk": 3
  },
  {
    "fields": {
      "nombre": "Sedan",
      "codigo": "SED"
    },
    "model": "rcs.tipovehiculo",
    "pk": 1
  },
  {
    "fields": {
      "nombre": "Carga",
      "codigo": "CARG"
    },
    "model": "rcs.tipovehiculo",
    "pk": 2
  },
  {
    "fields": {
      "nombre": "Coupe",
      "codigo": "COUP"
    },
    "model": "rcs.tipovehiculo",
    "pk": 3
  },
  {
    "fields": {
      "nombre": "Automatico",
      "codigo": "AUTO"
    },
    "model": "rcs.tipomanejo",
    "pk": 1
  },
  {
    "fields": {
      "nombre": "Sincronico",
      "codigo": "SINC"
    },
    "model": "rcs.tipomanejo",
    "pk": 2
  },
  {
    "fields": {
      "observacion": null,
      "codigo": "LAT",
      "parte": "23. Latoneria",
      "fk_estado_vehiculo": null
    },
    "model": "rcs.condicionesgeneralesbase",
    "pk": 1
  },
  {
    "fields": {
      "observacion": null,
      "codigo": "PLA_REJ_FRO",
      "parte": "24. Planilla O Rejilla Frontal",
      "fk_estado_vehiculo": null
    },
    "model": "rcs.condicionesgeneralesbase",
    "pk": 2
  },
  {
    "fields": {
      "observacion": null,
      "codigo": "TECH",
      "parte": "25. Techo ",
      "fk_estado_vehiculo": null
    },
    "model": "rcs.condicionesgeneralesbase",
    "pk": 3
  },
  {
    "fields": {
      "observacion": null,
      "codigo": "PINT",
      "parte": "26. Pintura",
      "fk_estado_vehiculo": null
    },
    "model": "rcs.condicionesgeneralesbase",
    "pk": 4
  },
  {
    "fields": {
      "observacion": null,
      "codigo": "SOP_FOC_TRAS",
      "parte": "27. Sop O Focos Traseros",
      "fk_estado_vehiculo": null
    },
    "model": "rcs.condicionesgeneralesbase",
    "pk": 5
  },
  {
    "fields": {
      "observacion": null,
      "codigo": "COMP_TRAS",
      "parte": "28. Compuesta Trasera",
      "fk_estado_vehiculo": null
    },
    "model": "rcs.condicionesgeneralesbase",
    "pk": 6
  },
  {
    "fields": {
      "observacion": null,
      "codigo": "TAPI",
      "parte": "29. Tapiceria",
      "fk_estado_vehiculo": null
    },
    "model": "rcs.condicionesgeneralesbase",
    "pk": 7
  },
  {
    "fields": {
      "observacion": null,
      "codigo": "COC_FRON",
      "parte": "30. Cocuyos Frontales",
      "fk_estado_vehiculo": null
    },
    "model": "rcs.condicionesgeneralesbase",
    "pk": 8
  },
  {
    "fields": {
      "observacion": null,
      "codigo": "PARABR",
      "parte": "31. Parabrisas",
      "fk_estado_vehiculo": null
    },
    "model": "rcs.condicionesgeneralesbase",
    "pk": 9
  },
  {
    "fields": {
      "observacion": null,
      "codigo": "CAUCH",
      "parte": "32. Cauchos",
      "fk_estado_vehiculo": null
    },
    "model": "rcs.condicionesgeneralesbase",
    "pk": 10
  },
  {
    "fields": {
      "observacion": null,
      "codigo": "RET_INT",
      "parte": "33. Retrovisor Interno",
      "fk_estado_vehiculo": null
    },
    "model": "rcs.condicionesgeneralesbase",
    "pk": 11
  },
  {
    "fields": {
      "observacion": null,
      "codigo": "PAR_CHOQ",
      "parte": "34. Parachoques",
      "fk_estado_vehiculo": null
    },
    "model": "rcs.condicionesgeneralesbase",
    "pk": 12
  },
  {
    "fields": {
      "observacion": null,
      "codigo": "PLAT",
      "parte": "35. Platinas ",
      "fk_estado_vehiculo": null
    },
    "model": "rcs.condicionesgeneralesbase",
    "pk": 13
  },
  {
    "fields": {
      "observacion": null,
      "codigo": "MANI_CERR",
      "parte": "36. Manillas Y Cerraduras",
      "fk_estado_vehiculo": null
    },
    "model": "rcs.condicionesgeneralesbase",
    "pk": 14
  },
  {
    "fields": {
      "observacion": null,
      "codigo": "COMT",
      "parte": "37. Cometa",
      "fk_estado_vehiculo": null
    },
    "model": "rcs.condicionesgeneralesbase",
    "pk": 15
  },
  {
    "fields": {
      "observacion": null,
      "codigo": "TAB",
      "parte": "38. Tableros ",
      "fk_estado_vehiculo": null
    },
    "model": "rcs.condicionesgeneralesbase",
    "pk": 16
  },
  {
    "fields": {
      "observacion": null,
      "codigo": "LIMP_PAR",
      "parte": "39. Limpia Parabrisas",
      "fk_estado_vehiculo": null
    },
    "model": "rcs.condicionesgeneralesbase",
    "pk": 17
  },
  {
    "fields": {
      "observacion": null,
      "codigo": "BUT_ASI",
      "parte": "40. Butacas Y Asientos",
      "fk_estado_vehiculo": null
    },
    "model": "rcs.condicionesgeneralesbase",
    "pk": 18
  },
  {
    "fields": {
      "observacion": null,
      "codigo": "FAR_ARO",
      "parte": "41. Faros Y Sus Aros",
      "fk_estado_vehiculo": null
    },
    "model": "rcs.condicionesgeneralesbase",
    "pk": 19
  },
  {
    "fields": {
      "observacion": null,
      "codigo": "RET_EXT",
      "parte": "42. Retrovisores Externos ",
      "fk_estado_vehiculo": null
    },
    "model": "rcs.condicionesgeneralesbase",
    "pk": 20
  },
  {
    "fields": {
      "observacion": null,
      "codigo": "VOL",
      "parte": "43. Volantes",
      "fk_estado_vehiculo": null
    },
    "model": "rcs.condicionesgeneralesbase",
    "pk": 21
  },
  {
    "fields": {
      "observacion": null,
      "codigo": "EMB_MOD",
      "parte": "44. Emblema De Modelo",
      "fk_estado_vehiculo": null
    },
    "model": "rcs.condicionesgeneralesbase",
    "pk": 22
  },
  {
    "fields": {
      "observacion": null,
      "codigo": "GURD_FANG",
      "parte": "45. Guardafangos ",
      "fk_estado_vehiculo": null
    },
    "model": "rcs.condicionesgeneralesbase",
    "pk": 23
  },
  {
    "fields": {
      "observacion": null,
      "codigo": "CINT_SEG",
      "parte": "46. Cinturones De Seguridad",
      "fk_estado_vehiculo": null
    },
    "model": "rcs.condicionesgeneralesbase",
    "pk": 24
  },
  {
    "fields": {
      "observacion": null,
      "codigo": "ESTR",
      "parte": "47. Estribos",
      "fk_estado_vehiculo": null
    },
    "model": "rcs.condicionesgeneralesbase",
    "pk": 25
  },
  {
    "fields": {
      "observacion": null,
      "codigo": "PUERT",
      "parte": "48. Puertas ",
      "fk_estado_vehiculo": null
    },
    "model": "rcs.condicionesgeneralesbase",
    "pk": 26
  },
  {
    "fields": {
      "observacion": null,
      "codigo": "VENT",
      "parte": "49. Ventanas",
      "fk_estado_vehiculo": null
    },
    "model": "rcs.condicionesgeneralesbase",
    "pk": 27
  },
  {
    "fields": {
      "observacion": null,
      "codigo": "FRONT",
      "parte": "50. Frontal",
      "fk_estado_vehiculo": null
    },
    "model": "rcs.condicionesgeneralesbase",
    "pk": 28
  },
  {
    "fields": {
      "observacion": null,
      "codigo": "CAPT",
      "parte": "51. Capot ",
      "fk_estado_vehiculo": null
    },
    "model": "rcs.condicionesgeneralesbase",
    "pk": 29
  },
  {
    "fields": {
      "observacion": null,
      "codigo": "MALE_TAPA_MALE",
      "parte": "52. Maleta Y Tapa Maleta",
      "fk_estado_vehiculo": null
    },
    "model": "rcs.condicionesgeneralesbase",
    "pk": 30
  },
  {
    "fields": {
      "observacion": null,
      "codigo": "MOD_MODELO",
      "parte": "53. Modific. Del Modelo",
      "fk_estado_vehiculo": null
    },
    "model": "rcs.condicionesgeneralesbase",
    "pk": 31
  },
  {
    "fields": {
      "observacion": null,
      "codigo": "CAR_TRAS",
      "parte": "54. Carter Trasero",
      "fk_estado_vehiculo": null
    },
    "model": "rcs.condicionesgeneralesbase",
    "pk": 32
  },
  {
    "fields": {
      "observacion": null,
      "codigo": "OTRO",
      "parte": "55. Otro",
      "fk_estado_vehiculo": null
    },
    "model": "rcs.condicionesgeneralesbase",
    "pk": 33
  },
  {
    "fields": {
      "observacion": "q",
      "codigo": "LAT_1",
      "parte": "23. Latoneria",
      "fk_estado_vehiculo": 1
    },
    "model": "rcs.condicionesgeneralesvehiculo",
    "pk": 269
  },
  {
    "fields": {
      "observacion": "",
      "codigo": "PLA_REJ_FRO_1",
      "parte": "24. Planilla O Rejilla Frontal",
      "fk_estado_vehiculo": 1
    },
    "model": "rcs.condicionesgeneralesvehiculo",
    "pk": 270
  },
  {
    "fields": {
      "observacion": "",
      "codigo": "TECH_1",
      "parte": "25. Techo ",
      "fk_estado_vehiculo": 1
    },
    "model": "rcs.condicionesgeneralesvehiculo",
    "pk": 271
  },
  {
    "fields": {
      "observacion": "q",
      "codigo": "PINT_1",
      "parte": "26. Pintura",
      "fk_estado_vehiculo": 2
    },
    "model": "rcs.condicionesgeneralesvehiculo",
    "pk": 272
  },
  {
    "fields": {
      "observacion": "",
      "codigo": "SOP_FOC_TRAS_1",
      "parte": "27. Sop O Focos Traseros",
      "fk_estado_vehiculo": 2
    },
    "model": "rcs.condicionesgeneralesvehiculo",
    "pk": 273
  },
  {
    "fields": {
      "observacion": "",
      "codigo": "COMP_TRAS_1",
      "parte": "28. Compuesta Trasera",
      "fk_estado_vehiculo": 2
    },
    "model": "rcs.condicionesgeneralesvehiculo",
    "pk": 274
  },
  {
    "fields": {
      "observacion": "e",
      "codigo": "TAPI_1",
      "parte": "29. Tapiceria",
      "fk_estado_vehiculo": 1
    },
    "model": "rcs.condicionesgeneralesvehiculo",
    "pk": 275
  },
  {
    "fields": {
      "observacion": "3e",
      "codigo": "COC_FRON_1",
      "parte": "30. Cocuyos Frontales",
      "fk_estado_vehiculo": 1
    },
    "model": "rcs.condicionesgeneralesvehiculo",
    "pk": 276
  },
  {
    "fields": {
      "observacion": "e",
      "codigo": "PARABR_1",
      "parte": "31. Parabrisas",
      "fk_estado_vehiculo": 1
    },
    "model": "rcs.condicionesgeneralesvehiculo",
    "pk": 277
  },
  {
    "fields": {
      "observacion": "e",
      "codigo": "CAUCH_1",
      "parte": "32. Cauchos",
      "fk_estado_vehiculo": 1
    },
    "model": "rcs.condicionesgeneralesvehiculo",
    "pk": 278
  },
  {
    "fields": {
      "observacion": "e",
      "codigo": "RET_INT_1",
      "parte": "33. Retrovisor Interno",
      "fk_estado_vehiculo": 1
    },
    "model": "rcs.condicionesgeneralesvehiculo",
    "pk": 279
  },
  {
    "fields": {
      "observacion": "e",
      "codigo": "PAR_CHOQ_1",
      "parte": "34. Parachoques",
      "fk_estado_vehiculo": 1
    },
    "model": "rcs.condicionesgeneralesvehiculo",
    "pk": 280
  },
  {
    "fields": {
      "observacion": "",
      "codigo": "PLAT_1",
      "parte": "35. Platinas ",
      "fk_estado_vehiculo": 1
    },
    "model": "rcs.condicionesgeneralesvehiculo",
    "pk": 281
  },
  {
    "fields": {
      "observacion": "",
      "codigo": "MANI_CERR_1",
      "parte": "36. Manillas Y Cerraduras",
      "fk_estado_vehiculo": 1
    },
    "model": "rcs.condicionesgeneralesvehiculo",
    "pk": 282
  },
  {
    "fields": {
      "observacion": "",
      "codigo": "COMT_1",
      "parte": "37. Cometa",
      "fk_estado_vehiculo": 1
    },
    "model": "rcs.condicionesgeneralesvehiculo",
    "pk": 283
  },
  {
    "fields": {
      "observacion": "",
      "codigo": "TAB_1",
      "parte": "38. Tableros ",
      "fk_estado_vehiculo": 1
    },
    "model": "rcs.condicionesgeneralesvehiculo",
    "pk": 284
  },
  {
    "fields": {
      "observacion": "2",
      "codigo": "LIMP_PAR_1",
      "parte": "39. Limpia Parabrisas",
      "fk_estado_vehiculo": 1
    },
    "model": "rcs.condicionesgeneralesvehiculo",
    "pk": 285
  },
  {
    "fields": {
      "observacion": "2",
      "codigo": "BUT_ASI_1",
      "parte": "40. Butacas Y Asientos",
      "fk_estado_vehiculo": 1
    },
    "model": "rcs.condicionesgeneralesvehiculo",
    "pk": 286
  },
  {
    "fields": {
      "observacion": "",
      "codigo": "FAR_ARO_1",
      "parte": "41. Faros Y Sus Aros",
      "fk_estado_vehiculo": 1
    },
    "model": "rcs.condicionesgeneralesvehiculo",
    "pk": 287
  },
  {
    "fields": {
      "observacion": "2",
      "codigo": "RET_EXT_1",
      "parte": "42. Retrovisores Externos ",
      "fk_estado_vehiculo": 1
    },
    "model": "rcs.condicionesgeneralesvehiculo",
    "pk": 288
  },
  {
    "fields": {
      "observacion": "2",
      "codigo": "VOL_1",
      "parte": "43. Volantes",
      "fk_estado_vehiculo": 1
    },
    "model": "rcs.condicionesgeneralesvehiculo",
    "pk": 289
  },
  {
    "fields": {
      "observacion": "1",
      "codigo": "EMB_MOD_1",
      "parte": "44. Emblema De Modelo",
      "fk_estado_vehiculo": 1
    },
    "model": "rcs.condicionesgeneralesvehiculo",
    "pk": 290
  },
  {
    "fields": {
      "observacion": "",
      "codigo": "GURD_FANG_1",
      "parte": "45. Guardafangos ",
      "fk_estado_vehiculo": 1
    },
    "model": "rcs.condicionesgeneralesvehiculo",
    "pk": 291
  },
  {
    "fields": {
      "observacion": "",
      "codigo": "CINT_SEG_1",
      "parte": "46. Cinturones De Seguridad",
      "fk_estado_vehiculo": 1
    },
    "model": "rcs.condicionesgeneralesvehiculo",
    "pk": 292
  },
  {
    "fields": {
      "observacion": "",
      "codigo": "ESTR_1",
      "parte": "47. Estribos",
      "fk_estado_vehiculo": 1
    },
    "model": "rcs.condicionesgeneralesvehiculo",
    "pk": 293
  },
  {
    "fields": {
      "observacion": "",
      "codigo": "PUERT_1",
      "parte": "48. Puertas ",
      "fk_estado_vehiculo": 1
    },
    "model": "rcs.condicionesgeneralesvehiculo",
    "pk": 294
  },
  {
    "fields": {
      "observacion": "",
      "codigo": "VENT_1",
      "parte": "49. Ventanas",
      "fk_estado_vehiculo": 1
    },
    "model": "rcs.condicionesgeneralesvehiculo",
    "pk": 295
  },
  {
    "fields": {
      "observacion": "",
      "codigo": "FRONT_1",
      "parte": "50. Frontal",
      "fk_estado_vehiculo": 1
    },
    "model": "rcs.condicionesgeneralesvehiculo",
    "pk": 296
  },
  {
    "fields": {
      "observacion": "1",
      "codigo": "CAPT_1",
      "parte": "51. Capot ",
      "fk_estado_vehiculo": 1
    },
    "model": "rcs.condicionesgeneralesvehiculo",
    "pk": 297
  },
  {
    "fields": {
      "observacion": "",
      "codigo": "MALE_TAPA_MALE_1",
      "parte": "52. Maleta Y Tapa Maleta",
      "fk_estado_vehiculo": 1
    },
    "model": "rcs.condicionesgeneralesvehiculo",
    "pk": 298
  },
  {
    "fields": {
      "observacion": "",
      "codigo": "MOD_MODELO_1",
      "parte": "53. Modific. Del Modelo",
      "fk_estado_vehiculo": 1
    },
    "model": "rcs.condicionesgeneralesvehiculo",
    "pk": 299
  },
  {
    "fields": {
      "observacion": "1",
      "codigo": "CAR_TRAS_1",
      "parte": "54. Carter Trasero",
      "fk_estado_vehiculo": 1
    },
    "model": "rcs.condicionesgeneralesvehiculo",
    "pk": 300
  },
  {
    "fields": {
      "observacion": "123",
      "codigo": "OTRO_1",
      "parte": "55. Otro",
      "fk_estado_vehiculo": 1
    },
    "model": "rcs.condicionesgeneralesvehiculo",
    "pk": 301
  },
  {
    "fields": {
      "observacion": "1",
      "codigo": "LAT_4",
      "parte": "23. Latoneria",
      "fk_estado_vehiculo": 1
    },
    "model": "rcs.condicionesgeneralesvehiculo",
    "pk": 302
  },
  {
    "fields": {
      "observacion": "",
      "codigo": "PLA_REJ_FRO_4",
      "parte": "24. Planilla O Rejilla Frontal",
      "fk_estado_vehiculo": 1
    },
    "model": "rcs.condicionesgeneralesvehiculo",
    "pk": 303
  },
  {
    "fields": {
      "observacion": "",
      "codigo": "TECH_4",
      "parte": "25. Techo ",
      "fk_estado_vehiculo": 1
    },
    "model": "rcs.condicionesgeneralesvehiculo",
    "pk": 304
  },
  {
    "fields": {
      "observacion": "1",
      "codigo": "PINT_4",
      "parte": "26. Pintura",
      "fk_estado_vehiculo": 3
    },
    "model": "rcs.condicionesgeneralesvehiculo",
    "pk": 305
  },
  {
    "fields": {
      "observacion": "",
      "codigo": "SOP_FOC_TRAS_4",
      "parte": "27. Sop O Focos Traseros",
      "fk_estado_vehiculo": 3
    },
    "model": "rcs.condicionesgeneralesvehiculo",
    "pk": 306
  },
  {
    "fields": {
      "observacion": "1",
      "codigo": "COMP_TRAS_4",
      "parte": "28. Compuesta Trasera",
      "fk_estado_vehiculo": 3
    },
    "model": "rcs.condicionesgeneralesvehiculo",
    "pk": 307
  },
  {
    "fields": {
      "observacion": "",
      "codigo": "TAPI_4",
      "parte": "29. Tapiceria",
      "fk_estado_vehiculo": 1
    },
    "model": "rcs.condicionesgeneralesvehiculo",
    "pk": 308
  },
  {
    "fields": {
      "observacion": "11",
      "codigo": "COC_FRON_4",
      "parte": "30. Cocuyos Frontales",
      "fk_estado_vehiculo": 1
    },
    "model": "rcs.condicionesgeneralesvehiculo",
    "pk": 309
  },
  {
    "fields": {
      "observacion": "1",
      "codigo": "PARABR_4",
      "parte": "31. Parabrisas",
      "fk_estado_vehiculo": 1
    },
    "model": "rcs.condicionesgeneralesvehiculo",
    "pk": 310
  },
  {
    "fields": {
      "observacion": "1",
      "codigo": "CAUCH_4",
      "parte": "32. Cauchos",
      "fk_estado_vehiculo": 3
    },
    "model": "rcs.condicionesgeneralesvehiculo",
    "pk": 311
  },
  {
    "fields": {
      "observacion": "1",
      "codigo": "RET_INT_4",
      "parte": "33. Retrovisor Interno",
      "fk_estado_vehiculo": 3
    },
    "model": "rcs.condicionesgeneralesvehiculo",
    "pk": 312
  },
  {
    "fields": {
      "observacion": "1",
      "codigo": "PAR_CHOQ_4",
      "parte": "34. Parachoques",
      "fk_estado_vehiculo": 3
    },
    "model": "rcs.condicionesgeneralesvehiculo",
    "pk": 313
  },
  {
    "fields": {
      "observacion": "",
      "codigo": "PLAT_4",
      "parte": "35. Platinas ",
      "fk_estado_vehiculo": 3
    },
    "model": "rcs.condicionesgeneralesvehiculo",
    "pk": 314
  },
  {
    "fields": {
      "observacion": "",
      "codigo": "MANI_CERR_4",
      "parte": "36. Manillas Y Cerraduras",
      "fk_estado_vehiculo": 3
    },
    "model": "rcs.condicionesgeneralesvehiculo",
    "pk": 315
  },
  {
    "fields": {
      "observacion": "111111",
      "codigo": "COMT_4",
      "parte": "37. Cometa",
      "fk_estado_vehiculo": 3
    },
    "model": "rcs.condicionesgeneralesvehiculo",
    "pk": 316
  },
  {
    "fields": {
      "observacion": "",
      "codigo": "TAB_4",
      "parte": "38. Tableros ",
      "fk_estado_vehiculo": 3
    },
    "model": "rcs.condicionesgeneralesvehiculo",
    "pk": 317
  },
  {
    "fields": {
      "observacion": "",
      "codigo": "LIMP_PAR_4",
      "parte": "39. Limpia Parabrisas",
      "fk_estado_vehiculo": 3
    },
    "model": "rcs.condicionesgeneralesvehiculo",
    "pk": 318
  },
  {
    "fields": {
      "observacion": "",
      "codigo": "BUT_ASI_4",
      "parte": "40. Butacas Y Asientos",
      "fk_estado_vehiculo": 3
    },
    "model": "rcs.condicionesgeneralesvehiculo",
    "pk": 319
  },
  {
    "fields": {
      "observacion": "",
      "codigo": "FAR_ARO_4",
      "parte": "41. Faros Y Sus Aros",
      "fk_estado_vehiculo": 3
    },
    "model": "rcs.condicionesgeneralesvehiculo",
    "pk": 320
  },
  {
    "fields": {
      "observacion": "",
      "codigo": "RET_EXT_4",
      "parte": "42. Retrovisores Externos ",
      "fk_estado_vehiculo": 3
    },
    "model": "rcs.condicionesgeneralesvehiculo",
    "pk": 321
  },
  {
    "fields": {
      "observacion": "",
      "codigo": "VOL_4",
      "parte": "43. Volantes",
      "fk_estado_vehiculo": 3
    },
    "model": "rcs.condicionesgeneralesvehiculo",
    "pk": 322
  },
  {
    "fields": {
      "observacion": "",
      "codigo": "EMB_MOD_4",
      "parte": "44. Emblema De Modelo",
      "fk_estado_vehiculo": 3
    },
    "model": "rcs.condicionesgeneralesvehiculo",
    "pk": 323
  },
  {
    "fields": {
      "observacion": "",
      "codigo": "GURD_FANG_4",
      "parte": "45. Guardafangos ",
      "fk_estado_vehiculo": 3
    },
    "model": "rcs.condicionesgeneralesvehiculo",
    "pk": 324
  },
  {
    "fields": {
      "observacion": "",
      "codigo": "CINT_SEG_4",
      "parte": "46. Cinturones De Seguridad",
      "fk_estado_vehiculo": 3
    },
    "model": "rcs.condicionesgeneralesvehiculo",
    "pk": 325
  },
  {
    "fields": {
      "observacion": "",
      "codigo": "ESTR_4",
      "parte": "47. Estribos",
      "fk_estado_vehiculo": 3
    },
    "model": "rcs.condicionesgeneralesvehiculo",
    "pk": 326
  },
  {
    "fields": {
      "observacion": "",
      "codigo": "PUERT_4",
      "parte": "48. Puertas ",
      "fk_estado_vehiculo": 3
    },
    "model": "rcs.condicionesgeneralesvehiculo",
    "pk": 327
  },
  {
    "fields": {
      "observacion": "",
      "codigo": "VENT_4",
      "parte": "49. Ventanas",
      "fk_estado_vehiculo": 3
    },
    "model": "rcs.condicionesgeneralesvehiculo",
    "pk": 328
  },
  {
    "fields": {
      "observacion": "",
      "codigo": "FRONT_4",
      "parte": "50. Frontal",
      "fk_estado_vehiculo": 3
    },
    "model": "rcs.condicionesgeneralesvehiculo",
    "pk": 329
  },
  {
    "fields": {
      "observacion": "",
      "codigo": "CAPT_4",
      "parte": "51. Capot ",
      "fk_estado_vehiculo": 3
    },
    "model": "rcs.condicionesgeneralesvehiculo",
    "pk": 330
  },
  {
    "fields": {
      "observacion": "",
      "codigo": "MALE_TAPA_MALE_4",
      "parte": "52. Maleta Y Tapa Maleta",
      "fk_estado_vehiculo": 3
    },
    "model": "rcs.condicionesgeneralesvehiculo",
    "pk": 331
  },
  {
    "fields": {
      "observacion": "",
      "codigo": "MOD_MODELO_4",
      "parte": "53. Modific. Del Modelo",
      "fk_estado_vehiculo": 3
    },
    "model": "rcs.condicionesgeneralesvehiculo",
    "pk": 332
  },
  {
    "fields": {
      "observacion": "",
      "codigo": "CAR_TRAS_4",
      "parte": "54. Carter Trasero",
      "fk_estado_vehiculo": 3
    },
    "model": "rcs.condicionesgeneralesvehiculo",
    "pk": 333
  },
  {
    "fields": {
      "observacion": null,
      "codigo": "ENC",
      "parte": "56. Encenddo",
      "fk_estado_vehiculo": null
    },
    "model": "rcs.mecanicabase",
    "pk": 1
  },
  {
    "fields": {
      "observacion": null,
      "codigo": "EMB_CROCH",
      "parte": "57. Embraque O Crocht",
      "fk_estado_vehiculo": null
    },
    "model": "rcs.mecanicabase",
    "pk": 2
  },
  {
    "fields": {
      "observacion": null,
      "codigo": "SIS_ELEC",
      "parte": "58. Sistema Electrico",
      "fk_estado_vehiculo": null
    },
    "model": "rcs.mecanicabase",
    "pk": 3
  },
  {
    "fields": {
      "observacion": null,
      "codigo": "OTRO1_MV",
      "parte": "59. Otros",
      "fk_estado_vehiculo": null
    },
    "model": "rcs.mecanicabase",
    "pk": 4
  },
  {
    "fields": {
      "observacion": null,
      "codigo": "OTRO2_MV",
      "parte": "60. Otros",
      "fk_estado_vehiculo": null
    },
    "model": "rcs.mecanicabase",
    "pk": 5
  },
  {
    "fields": {
      "observacion": null,
      "codigo": "OTRO3_MV",
      "parte": "61. Otros",
      "fk_estado_vehiculo": null
    },
    "model": "rcs.mecanicabase",
    "pk": 6
  },
  {
    "fields": {
      "observacion": "1",
      "codigo": "ENC_1",
      "parte": "56. Encenddo",
      "fk_estado_vehiculo": 2
    },
    "model": "rcs.mecanicavehiculo",
    "pk": 7
  },
  {
    "fields": {
      "observacion": "2dasdasd",
      "codigo": "EMB_CROCH_1",
      "parte": "57. Embraque O Crocht",
      "fk_estado_vehiculo": 3
    },
    "model": "rcs.mecanicavehiculo",
    "pk": 8
  },
  {
    "fields": {
      "observacion": "2",
      "codigo": "SIS_ELEC_1",
      "parte": "58. Sistema Electrico",
      "fk_estado_vehiculo": 2
    },
    "model": "rcs.mecanicavehiculo",
    "pk": 9
  },
  {
    "fields": {
      "observacion": "1",
      "codigo": "OTRO1_MV_1",
      "parte": "59. Otros",
      "fk_estado_vehiculo": 2
    },
    "model": "rcs.mecanicavehiculo",
    "pk": 10
  },
  {
    "fields": {
      "observacion": "sadasd",
      "codigo": "ENC_4",
      "parte": "56. Encenddo",
      "fk_estado_vehiculo": 1
    },
    "model": "rcs.mecanicavehiculo",
    "pk": 11
  },
  {
    "fields": {
      "observacion": "asdasd",
      "codigo": "EMB_CROCH_4",
      "parte": "57. Embraque O Crocht",
      "fk_estado_vehiculo": 2
    },
    "model": "rcs.mecanicavehiculo",
    "pk": 12
  },
  {
    "fields": {
      "observacion": "asdasd",
      "codigo": "SIS_ELEC_4",
      "parte": "58. Sistema Electrico",
      "fk_estado_vehiculo": 1
    },
    "model": "rcs.mecanicavehiculo",
    "pk": 13
  },
  {
    "fields": {
      "observacion": "asdasd",
      "codigo": "OTRO1_MV_4",
      "parte": "59. Otros",
      "fk_estado_vehiculo": 1
    },
    "model": "rcs.mecanicavehiculo",
    "pk": 14
  },
  {
    "fields": {
      "existe": false,
      "accesorio": "62. Radio / Antena  ",
      "observacion": null,
      "codigo": "RADIO_ANT"
    },
    "model": "rcs.accesoriosbase",
    "pk": 1
  },
  {
    "fields": {
      "existe": false,
      "accesorio": "63. Foco De Posicion",
      "observacion": null,
      "codigo": "FOC_POS"
    },
    "model": "rcs.accesoriosbase",
    "pk": 2
  },
  {
    "fields": {
      "existe": false,
      "accesorio": "64. Rines Especiales",
      "observacion": null,
      "codigo": "RIN_ESP"
    },
    "model": "rcs.accesoriosbase",
    "pk": 3
  },
  {
    "fields": {
      "existe": false,
      "accesorio": "65. Radio Reproductor",
      "observacion": null,
      "codigo": "RAD_REP"
    },
    "model": "rcs.accesoriosbase",
    "pk": 4
  },
  {
    "fields": {
      "existe": false,
      "accesorio": "66. Aire Acondicionado",
      "observacion": null,
      "codigo": "AIR_ACON"
    },
    "model": "rcs.accesoriosbase",
    "pk": 5
  },
  {
    "fields": {
      "existe": false,
      "accesorio": "67. Caucho Respuesto",
      "observacion": null,
      "codigo": "CAUC_RESP"
    },
    "model": "rcs.accesoriosbase",
    "pk": 6
  },
  {
    "fields": {
      "existe": false,
      "accesorio": "68. Reproductor de Antena",
      "observacion": null,
      "codigo": "REP_ANT"
    },
    "model": "rcs.accesoriosbase",
    "pk": 7
  },
  {
    "fields": {
      "existe": false,
      "accesorio": "69. Spoiler ",
      "observacion": null,
      "codigo": "SPOIL"
    },
    "model": "rcs.accesoriosbase",
    "pk": 8
  },
  {
    "fields": {
      "existe": false,
      "accesorio": "70. Parachoque Espec. (Mataburro)",
      "observacion": null,
      "codigo": "PAR_ESP"
    },
    "model": "rcs.accesoriosbase",
    "pk": 9
  },
  {
    "fields": {
      "existe": false,
      "accesorio": "71. Cornetas Especiales ",
      "observacion": null,
      "codigo": "CORN_ESP"
    },
    "model": "rcs.accesoriosbase",
    "pk": 10
  },
  {
    "fields": {
      "existe": false,
      "accesorio": "72. Llave De Cruz ",
      "observacion": null,
      "codigo": "LLAV_CRUZ"
    },
    "model": "rcs.accesoriosbase",
    "pk": 11
  },
  {
    "fields": {
      "existe": false,
      "accesorio": "73. Rayas Decativas",
      "observacion": null,
      "codigo": "RAY_DEC"
    },
    "model": "rcs.accesoriosbase",
    "pk": 12
  },
  {
    "fields": {
      "existe": false,
      "accesorio": "74. Compact Disc",
      "observacion": null,
      "codigo": "COMP_DISC"
    },
    "model": "rcs.accesoriosbase",
    "pk": 13
  },
  {
    "fields": {
      "existe": false,
      "accesorio": "75. Triangulo De Seguridad",
      "observacion": null,
      "codigo": "TRI_SEG"
    },
    "model": "rcs.accesoriosbase",
    "pk": 14
  },
  {
    "fields": {
      "existe": false,
      "accesorio": "76. Tazas De Los Cauchos ",
      "observacion": null,
      "codigo": "TAZ_CAUCH"
    },
    "model": "rcs.accesoriosbase",
    "pk": 15
  },
  {
    "fields": {
      "existe": false,
      "accesorio": "77. Ecualizados",
      "observacion": null,
      "codigo": "ECUAL"
    },
    "model": "rcs.accesoriosbase",
    "pk": 16
  },
  {
    "fields": {
      "existe": false,
      "accesorio": "78. Parrilla Techo",
      "observacion": null,
      "codigo": "PARR_TECH"
    },
    "model": "rcs.accesoriosbase",
    "pk": 17
  },
  {
    "fields": {
      "existe": false,
      "accesorio": "79. Volante Especial",
      "observacion": null,
      "codigo": "VOL_ESP"
    },
    "model": "rcs.accesoriosbase",
    "pk": 18
  },
  {
    "fields": {
      "existe": false,
      "accesorio": "80. Televizor",
      "observacion": null,
      "codigo": "TV"
    },
    "model": "rcs.accesoriosbase",
    "pk": 19
  },
  {
    "fields": {
      "existe": false,
      "accesorio": "81. Cabina",
      "observacion": null,
      "codigo": "CABI"
    },
    "model": "rcs.accesoriosbase",
    "pk": 20
  },
  {
    "fields": {
      "existe": false,
      "accesorio": "82. Gato ",
      "observacion": null,
      "codigo": "GATO"
    },
    "model": "rcs.accesoriosbase",
    "pk": 21
  },
  {
    "fields": {
      "existe": false,
      "accesorio": "83. Planta",
      "observacion": null,
      "codigo": "PLANT"
    },
    "model": "rcs.accesoriosbase",
    "pk": 22
  },
  {
    "fields": {
      "existe": false,
      "accesorio": "84. Faros Especiales",
      "observacion": null,
      "codigo": "FAR_ESP"
    },
    "model": "rcs.accesoriosbase",
    "pk": 23
  },
  {
    "fields": {
      "existe": false,
      "accesorio": "85. Anti-Robo",
      "observacion": null,
      "codigo": "ANT_ROB"
    },
    "model": "rcs.accesoriosbase",
    "pk": 24
  },
  {
    "fields": {
      "existe": false,
      "accesorio": "86. Tranca Pedal",
      "observacion": null,
      "codigo": "TRAN_PED"
    },
    "model": "rcs.accesoriosbase",
    "pk": 25
  },
  {
    "fields": {
      "existe": false,
      "accesorio": "87. Themo King",
      "observacion": null,
      "codigo": "THE_KING"
    },
    "model": "rcs.accesoriosbase",
    "pk": 26
  },
  {
    "fields": {
      "existe": false,
      "accesorio": "88. Otro ",
      "observacion": null,
      "codigo": "OTRO1"
    },
    "model": "rcs.accesoriosbase",
    "pk": 27
  },
  {
    "fields": {
      "existe": false,
      "accesorio": "89. Cortacorreinte",
      "observacion": null,
      "codigo": "CORT_COR"
    },
    "model": "rcs.accesoriosbase",
    "pk": 28
  },
  {
    "fields": {
      "existe": false,
      "accesorio": "90. Tranca Palanca",
      "observacion": null,
      "codigo": "TRANC_PALNC"
    },
    "model": "rcs.accesoriosbase",
    "pk": 29
  },
  {
    "fields": {
      "existe": false,
      "accesorio": "91. Otro ",
      "observacion": null,
      "codigo": "OTRO2"
    },
    "model": "rcs.accesoriosbase",
    "pk": 30
  },
  {
    "fields": {
      "existe": true,
      "accesorio": "62. Radio / Antena  ",
      "observacion": "qweqwe",
      "codigo": "RADIO_ANT_1"
    },
    "model": "rcs.accesoriosvehiculo",
    "pk": 31
  },
  {
    "fields": {
      "existe": false,
      "accesorio": "63. Foco De Posicion",
      "observacion": "qweqweaaaa",
      "codigo": "FOC_POS_1"
    },
    "model": "rcs.accesoriosvehiculo",
    "pk": 32
  },
  {
    "fields": {
      "existe": true,
      "accesorio": "64. Rines Especiales",
      "observacion": "",
      "codigo": "RIN_ESP_1"
    },
    "model": "rcs.accesoriosvehiculo",
    "pk": 33
  },
  {
    "fields": {
      "existe": true,
      "accesorio": "65. Radio Reproductor",
      "observacion": "",
      "codigo": "RAD_REP_1"
    },
    "model": "rcs.accesoriosvehiculo",
    "pk": 34
  },
  {
    "fields": {
      "existe": false,
      "accesorio": "66. Aire Acondicionado",
      "observacion": "",
      "codigo": "AIR_ACON_1"
    },
    "model": "rcs.accesoriosvehiculo",
    "pk": 35
  },
  {
    "fields": {
      "existe": true,
      "accesorio": "67. Caucho Respuesto",
      "observacion": "",
      "codigo": "CAUC_RESP_1"
    },
    "model": "rcs.accesoriosvehiculo",
    "pk": 36
  },
  {
    "fields": {
      "existe": true,
      "accesorio": "68. Reproductor de Antena",
      "observacion": "",
      "codigo": "REP_ANT_1"
    },
    "model": "rcs.accesoriosvehiculo",
    "pk": 37
  },
  {
    "fields": {
      "existe": false,
      "accesorio": "69. Spoiler ",
      "observacion": "",
      "codigo": "SPOIL_1"
    },
    "model": "rcs.accesoriosvehiculo",
    "pk": 38
  },
  {
    "fields": {
      "existe": true,
      "accesorio": "70. Parachoque Espec. (Mataburro)",
      "observacion": "",
      "codigo": "PAR_ESP_1"
    },
    "model": "rcs.accesoriosvehiculo",
    "pk": 39
  },
  {
    "fields": {
      "existe": true,
      "accesorio": "71. Cornetas Especiales ",
      "observacion": "",
      "codigo": "CORN_ESP_1"
    },
    "model": "rcs.accesoriosvehiculo",
    "pk": 40
  },
  {
    "fields": {
      "existe": false,
      "accesorio": "72. Llave De Cruz ",
      "observacion": "aaa",
      "codigo": "LLAV_CRUZ_1"
    },
    "model": "rcs.accesoriosvehiculo",
    "pk": 41
  },
  {
    "fields": {
      "existe": true,
      "accesorio": "73. Rayas Decativas",
      "observacion": "asa",
      "codigo": "RAY_DEC_1"
    },
    "model": "rcs.accesoriosvehiculo",
    "pk": 42
  },
  {
    "fields": {
      "existe": true,
      "accesorio": "74. Compact Disc",
      "observacion": "aa",
      "codigo": "COMP_DISC_1"
    },
    "model": "rcs.accesoriosvehiculo",
    "pk": 43
  },
  {
    "fields": {
      "existe": false,
      "accesorio": "75. Triangulo De Seguridad",
      "observacion": "aa",
      "codigo": "TRI_SEG_1"
    },
    "model": "rcs.accesoriosvehiculo",
    "pk": 44
  },
  {
    "fields": {
      "existe": true,
      "accesorio": "76. Tazas De Los Cauchos ",
      "observacion": "cas",
      "codigo": "TAZ_CAUCH_1"
    },
    "model": "rcs.accesoriosvehiculo",
    "pk": 45
  },
  {
    "fields": {
      "existe": true,
      "accesorio": "77. Ecualizados",
      "observacion": "ccc",
      "codigo": "ECUAL_1"
    },
    "model": "rcs.accesoriosvehiculo",
    "pk": 46
  },
  {
    "fields": {
      "existe": false,
      "accesorio": "78. Parrilla Techo",
      "observacion": "qwe",
      "codigo": "PARR_TECH_1"
    },
    "model": "rcs.accesoriosvehiculo",
    "pk": 47
  },
  {
    "fields": {
      "existe": false,
      "accesorio": "79. Volante Especial",
      "observacion": "ccc",
      "codigo": "VOL_ESP_1"
    },
    "model": "rcs.accesoriosvehiculo",
    "pk": 48
  },
  {
    "fields": {
      "existe": true,
      "accesorio": "80. Televizor",
      "observacion": "asd",
      "codigo": "TV_1"
    },
    "model": "rcs.accesoriosvehiculo",
    "pk": 49
  },
  {
    "fields": {
      "existe": false,
      "accesorio": "81. Cabina",
      "observacion": "asd",
      "codigo": "CABI_1"
    },
    "model": "rcs.accesoriosvehiculo",
    "pk": 50
  },
  {
    "fields": {
      "existe": true,
      "accesorio": "82. Gato ",
      "observacion": "aaa",
      "codigo": "GATO_1"
    },
    "model": "rcs.accesoriosvehiculo",
    "pk": 51
  },
  {
    "fields": {
      "existe": true,
      "accesorio": "83. Planta",
      "observacion": "",
      "codigo": "PLANT_1"
    },
    "model": "rcs.accesoriosvehiculo",
    "pk": 52
  },
  {
    "fields": {
      "existe": false,
      "accesorio": "84. Faros Especiales",
      "observacion": "asd",
      "codigo": "FAR_ESP_1"
    },
    "model": "rcs.accesoriosvehiculo",
    "pk": 53
  },
  {
    "fields": {
      "existe": true,
      "accesorio": "85. Anti-Robo",
      "observacion": "aaa",
      "codigo": "ANT_ROB_1"
    },
    "model": "rcs.accesoriosvehiculo",
    "pk": 54
  },
  {
    "fields": {
      "existe": true,
      "accesorio": "86. Tranca Pedal",
      "observacion": "",
      "codigo": "TRAN_PED_1"
    },
    "model": "rcs.accesoriosvehiculo",
    "pk": 55
  },
  {
    "fields": {
      "existe": false,
      "accesorio": "87. Themo King",
      "observacion": "",
      "codigo": "THE_KING_1"
    },
    "model": "rcs.accesoriosvehiculo",
    "pk": 56
  },
  {
    "fields": {
      "existe": true,
      "accesorio": "88. Otro ",
      "observacion": "fff",
      "codigo": "OTRO1_1"
    },
    "model": "rcs.accesoriosvehiculo",
    "pk": 57
  },
  {
    "fields": {
      "existe": false,
      "accesorio": "89. Cortacorreinte",
      "observacion": "asdasd",
      "codigo": "CORT_COR_1"
    },
    "model": "rcs.accesoriosvehiculo",
    "pk": 58
  },
  {
    "fields": {
      "existe": false,
      "accesorio": "90. Tranca Palanca",
      "observacion": "asdasd",
      "codigo": "TRANC_PALNC_1"
    },
    "model": "rcs.accesoriosvehiculo",
    "pk": 59
  },
  {
    "fields": {
      "existe": false,
      "accesorio": "62. Radio / Antena  ",
      "observacion": "123123",
      "codigo": "RADIO_ANT_4"
    },
    "model": "rcs.accesoriosvehiculo",
    "pk": 60
  },
  {
    "fields": {
      "existe": false,
      "accesorio": "63. Foco De Posicion",
      "observacion": "",
      "codigo": "FOC_POS_4"
    },
    "model": "rcs.accesoriosvehiculo",
    "pk": 61
  },
  {
    "fields": {
      "existe": false,
      "accesorio": "64. Rines Especiales",
      "observacion": "",
      "codigo": "RIN_ESP_4"
    },
    "model": "rcs.accesoriosvehiculo",
    "pk": 62
  },
  {
    "fields": {
      "existe": false,
      "accesorio": "65. Radio Reproductor",
      "observacion": "",
      "codigo": "RAD_REP_4"
    },
    "model": "rcs.accesoriosvehiculo",
    "pk": 63
  },
  {
    "fields": {
      "existe": false,
      "accesorio": "66. Aire Acondicionado",
      "observacion": "",
      "codigo": "AIR_ACON_4"
    },
    "model": "rcs.accesoriosvehiculo",
    "pk": 64
  },
  {
    "fields": {
      "existe": false,
      "accesorio": "67. Caucho Respuesto",
      "observacion": "",
      "codigo": "CAUC_RESP_4"
    },
    "model": "rcs.accesoriosvehiculo",
    "pk": 65
  },
  {
    "fields": {
      "existe": false,
      "accesorio": "68. Reproductor de Antena",
      "observacion": "",
      "codigo": "REP_ANT_4"
    },
    "model": "rcs.accesoriosvehiculo",
    "pk": 66
  },
  {
    "fields": {
      "existe": false,
      "accesorio": "69. Spoiler ",
      "observacion": "",
      "codigo": "SPOIL_4"
    },
    "model": "rcs.accesoriosvehiculo",
    "pk": 67
  },
  {
    "fields": {
      "existe": false,
      "accesorio": "70. Parachoque Espec. (Mataburro)",
      "observacion": "",
      "codigo": "PAR_ESP_4"
    },
    "model": "rcs.accesoriosvehiculo",
    "pk": 68
  },
  {
    "fields": {
      "existe": false,
      "accesorio": "71. Cornetas Especiales ",
      "observacion": "a",
      "codigo": "CORN_ESP_4"
    },
    "model": "rcs.accesoriosvehiculo",
    "pk": 69
  },
  {
    "fields": {
      "existe": false,
      "accesorio": "72. Llave De Cruz ",
      "observacion": "",
      "codigo": "LLAV_CRUZ_4"
    },
    "model": "rcs.accesoriosvehiculo",
    "pk": 70
  },
  {
    "fields": {
      "existe": false,
      "accesorio": "73. Rayas Decativas",
      "observacion": "",
      "codigo": "RAY_DEC_4"
    },
    "model": "rcs.accesoriosvehiculo",
    "pk": 71
  },
  {
    "fields": {
      "existe": false,
      "accesorio": "74. Compact Disc",
      "observacion": "",
      "codigo": "COMP_DISC_4"
    },
    "model": "rcs.accesoriosvehiculo",
    "pk": 72
  },
  {
    "fields": {
      "existe": false,
      "accesorio": "75. Triangulo De Seguridad",
      "observacion": "asd",
      "codigo": "TRI_SEG_4"
    },
    "model": "rcs.accesoriosvehiculo",
    "pk": 73
  },
  {
    "fields": {
      "existe": false,
      "accesorio": "76. Tazas De Los Cauchos ",
      "observacion": "",
      "codigo": "TAZ_CAUCH_4"
    },
    "model": "rcs.accesoriosvehiculo",
    "pk": 74
  },
  {
    "fields": {
      "existe": false,
      "accesorio": "77. Ecualizados",
      "observacion": "a",
      "codigo": "ECUAL_4"
    },
    "model": "rcs.accesoriosvehiculo",
    "pk": 75
  },
  {
    "fields": {
      "existe": false,
      "accesorio": "78. Parrilla Techo",
      "observacion": "as",
      "codigo": "PARR_TECH_4"
    },
    "model": "rcs.accesoriosvehiculo",
    "pk": 76
  },
  {
    "fields": {
      "existe": false,
      "accesorio": "79. Volante Especial",
      "observacion": "",
      "codigo": "VOL_ESP_4"
    },
    "model": "rcs.accesoriosvehiculo",
    "pk": 77
  },
  {
    "fields": {
      "existe": false,
      "accesorio": "80. Televizor",
      "observacion": "a",
      "codigo": "TV_4"
    },
    "model": "rcs.accesoriosvehiculo",
    "pk": 78
  },
  {
    "fields": {
      "existe": false,
      "accesorio": "81. Cabina",
      "observacion": "",
      "codigo": "CABI_4"
    },
    "model": "rcs.accesoriosvehiculo",
    "pk": 79
  },
  {
    "fields": {
      "existe": false,
      "accesorio": "82. Gato ",
      "observacion": "",
      "codigo": "GATO_4"
    },
    "model": "rcs.accesoriosvehiculo",
    "pk": 80
  },
  {
    "fields": {
      "existe": false,
      "accesorio": "83. Planta",
      "observacion": "",
      "codigo": "PLANT_4"
    },
    "model": "rcs.accesoriosvehiculo",
    "pk": 81
  },
  {
    "fields": {
      "existe": false,
      "accesorio": "84. Faros Especiales",
      "observacion": "dasa",
      "codigo": "FAR_ESP_4"
    },
    "model": "rcs.accesoriosvehiculo",
    "pk": 82
  },
  {
    "fields": {
      "existe": false,
      "accesorio": "85. Anti-Robo",
      "observacion": "",
      "codigo": "ANT_ROB_4"
    },
    "model": "rcs.accesoriosvehiculo",
    "pk": 83
  },
  {
    "fields": {
      "existe": false,
      "accesorio": "86. Tranca Pedal",
      "observacion": "",
      "codigo": "TRAN_PED_4"
    },
    "model": "rcs.accesoriosvehiculo",
    "pk": 84
  },
  {
    "fields": {
      "existe": false,
      "accesorio": "87. Themo King",
      "observacion": "",
      "codigo": "THE_KING_4"
    },
    "model": "rcs.accesoriosvehiculo",
    "pk": 85
  },
  {
    "fields": {
      "existe": false,
      "accesorio": "88. Otro ",
      "observacion": "123",
      "codigo": "OTRO1_4"
    },
    "model": "rcs.accesoriosvehiculo",
    "pk": 86
  },
  {
    "fields": {
      "existe": false,
      "accesorio": "89. Cortacorreinte",
      "observacion": "",
      "codigo": "CORT_COR_4"
    },
    "model": "rcs.accesoriosvehiculo",
    "pk": 87
  },
  {
    "fields": {
      "existe": false,
      "accesorio": "90. Tranca Palanca",
      "observacion": "",
      "codigo": "TRANC_PALNC_4"
    },
    "model": "rcs.accesoriosvehiculo",
    "pk": 88
  },
  {
    "fields": {
      "existe": false,
      "accesorio": "91. Otro ",
      "observacion": "11",
      "codigo": "OTRO2_4"
    },
    "model": "rcs.accesoriosvehiculo",
    "pk": 89
  },
  {
    "fields": {
      "tipo_dano": null,
      "codigo": "PIEZA",
      "pieza": "92. Pieza",
      "costo_aproximado": null
    },
    "model": "rcs.detallesdatos",
    "pk": 1
  },
  {
    "fields": {
      "tipo_dano": null,
      "codigo": "TIP_DAM",
      "pieza": "93. Tipo de Daño",
      "costo_aproximado": null
    },
    "model": "rcs.detallesdatos",
    "pk": 2
  },
  {
    "fields": {
      "tipo_dano": null,
      "codigo": "COST_APRX",
      "pieza": "94. Costo Aprox.",
      "costo_aproximado": null
    },
    "model": "rcs.detallesdatos",
    "pk": 3
  },
  {
    "fields": {
      "tipo_dano": "se daño",
      "codigo": "111111",
      "pieza": "la pieza",
      "costo_aproximado": "93010.00"
    },
    "model": "rcs.detallesdatos",
    "pk": 4
  },
  {
    "fields": {
      "tipo_dano": "oaoaoaoa ",
      "codigo": "222222",
      "pieza": "la otra pieza ",
      "costo_aproximado": "210922.00"
    },
    "model": "rcs.detallesdatos",
    "pk": 5
  },
  {
    "fields": {
      "tipo_dano": "iquweoiuqwoeiu ansanun",
      "codigo": "3333",
      "pieza": "ajajjaja quwe",
      "costo_aproximado": "2398019.00"
    },
    "model": "rcs.detallesdatos",
    "pk": 6
  },
  {
    "fields": {
      "tipo_dano": "Piecilla rota ",
      "codigo": "312312",
      "pieza": "Piecilla ",
      "costo_aproximado": "1092830.00"
    },
    "model": "rcs.detallesdatos",
    "pk": 9
  },
  {
    "fields": {
      "tipo_dano": "pokapsodk poaksdpo ",
      "codigo": "10918",
      "pieza": "asdk akosd kpaok ",
      "costo_aproximado": "10239091.00"
    },
    "model": "rcs.detallesdatos",
    "pk": 10
  },
  {
    "fields": {
      "tipo_dano": "t1",
      "codigo": "1",
      "pieza": "p1",
      "costo_aproximado": "109810.00"
    },
    "model": "rcs.detallesdatos",
    "pk": 11
  },
  {
    "fields": {
      "tipo_dano": "t2",
      "codigo": "2",
      "pieza": "p2",
      "costo_aproximado": "1980.00"
    },
    "model": "rcs.detallesdatos",
    "pk": 12
  },
  {
    "fields": {
      "tipo_dano": "asdasd",
      "codigo": "22",
      "pieza": "asd",
      "costo_aproximado": "14123.00"
    },
    "model": "rcs.detallesdatos",
    "pk": 14
  },
  {
    "fields": {
      "tipo_dano": "asdasd",
      "codigo": "22122",
      "pieza": "asd",
      "costo_aproximado": "140.00"
    },
    "model": "rcs.detallesdatos",
    "pk": 15
  },
  {
    "fields": {
      "tipo_dano": "asdasd",
      "codigo": "22122123123",
      "pieza": "asd",
      "costo_aproximado": "123.00"
    },
    "model": "rcs.detallesdatos",
    "pk": 16
  },
  {
    "fields": {
      "tipo_dano": "asdasd",
      "codigo": "221221231232",
      "pieza": "asd",
      "costo_aproximado": "12.00"
    },
    "model": "rcs.detallesdatos",
    "pk": 23
  },
  {
    "fields": {
      "tipo_dano": "90IQW90E901I9019082",
      "codigo": "CDGOIASD",
      "pieza": "09810923990I09S",
      "costo_aproximado": "1239087129837.00"
    },
    "model": "rcs.detallesdatos",
    "pk": 31
  },
  {
    "fields": {
      "tipo_dano": "09ud09j902u90",
      "codigo": "CDGOIASD1",
      "pieza": "0983909d9",
      "costo_aproximado": "99090818818.00"
    },
    "model": "rcs.detallesdatos",
    "pk": 32
  },
  {
    "fields": {
      "tipo_dano": "1",
      "codigo": "CDGOIASD12",
      "pieza": "1",
      "costo_aproximado": "1.00"
    },
    "model": "rcs.detallesdatos",
    "pk": 33
  },
  {
    "fields": {
      "nombre": "95. Registro Automotor Permanente (R.P.A)",
      "codigo": "RAP",
      "recibido": false
    },
    "model": "rcs.documentospresentadosbase",
    "pk": 1
  },
  {
    "fields": {
      "nombre": "96. Carnet De Circulacion",
      "codigo": "CAR_CIRC",
      "recibido": false
    },
    "model": "rcs.documentospresentadosbase",
    "pk": 2
  },
  {
    "fields": {
      "nombre": "97. Documento De Propiedad (Original/Copia)",
      "codigo": "DOC_PRO",
      "recibido": false
    },
    "model": "rcs.documentospresentadosbase",
    "pk": 3
  },
  {
    "fields": {
      "nombre": "98. Facutura De Compra",
      "codigo": "FACT_COMP",
      "recibido": false
    },
    "model": "rcs.documentospresentadosbase",
    "pk": 4
  },
  {
    "fields": {
      "nombre": "99. Planilla Del Senial De Exoneracion De Impuestos",
      "codigo": "PLA_SEN_EX",
      "recibido": false
    },
    "model": "rcs.documentospresentadosbase",
    "pk": 5
  },
  {
    "fields": {
      "nombre": "100. Certificado De Origen",
      "codigo": "CERT_ORI",
      "recibido": false
    },
    "model": "rcs.documentospresentadosbase",
    "pk": 6
  },
  {
    "fields": {
      "nombre": "95. Registro Automotor Permanente (R.P.A)",
      "codigo": "RAP_4",
      "recibido": false
    },
    "model": "rcs.documentospresentados",
    "pk": 7
  },
  {
    "fields": {
      "nombre": "96. Carnet De Circulacion",
      "codigo": "CAR_CIRC_4",
      "recibido": false
    },
    "model": "rcs.documentospresentados",
    "pk": 8
  },
  {
    "fields": {
      "nombre": "97. Documento De Propiedad (Original/Copia)",
      "codigo": "DOC_PRO_4",
      "recibido": true
    },
    "model": "rcs.documentospresentados",
    "pk": 9
  },
  {
    "fields": {
      "nombre": "98. Facutura De Compra",
      "codigo": "FACT_COMP_4",
      "recibido": true
    },
    "model": "rcs.documentospresentados",
    "pk": 10
  },
  {
    "fields": {
      "nombre": "99. Planilla Del Senial De Exoneracion De Impuestos",
      "codigo": "PLA_SEN_EX_4",
      "recibido": true
    },
    "model": "rcs.documentospresentados",
    "pk": 11
  },
  {
    "fields": {
      "nombre": "100. Certificado De Origen",
      "codigo": "CERT_ORI_4",
      "recibido": true
    },
    "model": "rcs.documentospresentados",
    "pk": 12
  },
  {
    "fields": {
      "nombre": "95. Registro Automotor Permanente (R.P.A)",
      "codigo": "RAP_1",
      "recibido": false
    },
    "model": "rcs.documentospresentados",
    "pk": 13
  },
  {
    "fields": {
      "nombre": "96. Carnet De Circulacion",
      "codigo": "CAR_CIRC_1",
      "recibido": false
    },
    "model": "rcs.documentospresentados",
    "pk": 14
  },
  {
    "fields": {
      "nombre": "97. Documento De Propiedad (Original/Copia)",
      "codigo": "DOC_PRO_1",
      "recibido": false
    },
    "model": "rcs.documentospresentados",
    "pk": 15
  },
  {
    "fields": {
      "nombre": "98. Facutura De Compra",
      "codigo": "FACT_COMP_1",
      "recibido": false
    },
    "model": "rcs.documentospresentados",
    "pk": 16
  },
  {
    "fields": {
      "nombre": "99. Planilla Del Senial De Exoneracion De Impuestos",
      "codigo": "PLA_SEN_EX_1",
      "recibido": false
    },
    "model": "rcs.documentospresentados",
    "pk": 17
  },
  {
    "fields": {
      "nombre": "100. Certificado De Origen",
      "codigo": "CERT_ORI_1",
      "recibido": true
    },
    "model": "rcs.documentospresentados",
    "pk": 18
  },
  {
    "fields": {
      "nombre": "96. Carnet De Circulacion",
      "codigo": "CAR_CIRC_3",
      "recibido": true
    },
    "model": "rcs.documentospresentados",
    "pk": 19
  },
  {
    "fields": {
      "nombre": "97. Documento De Propiedad (Original/Copia)",
      "codigo": "DOC_PRO_3",
      "recibido": false
    },
    "model": "rcs.documentospresentados",
    "pk": 20
  },
  {
    "fields": {
      "nombre": "98. Facutura De Compra",
      "codigo": "FACT_COMP_3",
      "recibido": true
    },
    "model": "rcs.documentospresentados",
    "pk": 21
  },
  {
    "fields": {
      "nombre": "99. Planilla Del Senial De Exoneracion De Impuestos",
      "codigo": "PLA_SEN_EX_3",
      "recibido": false
    },
    "model": "rcs.documentospresentados",
    "pk": 22
  },
  {
    "fields": {
      "nombre": "100. Certificado De Origen",
      "codigo": "CERT_ORI_3",
      "recibido": false
    },
    "model": "rcs.documentospresentados",
    "pk": 23
  },
  {
    "fields": {
      "nombre": "95. Registro Automotor Permanente (R.P.A)",
      "codigo": "RAP_3",
      "recibido": true
    },
    "model": "rcs.documentospresentados",
    "pk": 24
  },
  {
    "fields": {
      "nombre": "Emilia",
      "telefono": "04243724667",
      "cedula": "1923801",
      "apellido": "Klark"
    },
    "model": "rcs.titularvehiculo",
    "pk": 1
  },
  {
    "fields": {
      "nombre": "Alan Bran",
      "telefono": "0242319238",
      "cedula": "12312312",
      "apellido": "Brito Pastora"
    },
    "model": "rcs.titularvehiculo",
    "pk": 3
  },
  {
    "fields": {
      "nombre": "Leonardo",
      "telefono": "0120301923",
      "cedula": "10971023",
      "apellido": "Caballero"
    },
    "model": "rcs.titularvehiculo",
    "pk": 4
  },
  {
    "fields": {
      "nombre": "Meredi ",
      "telefono": "9819791827",
      "cedula": "64986928",
      "apellido": "Minerva "
    },
    "model": "rcs.titularvehiculo",
    "pk": 5
  },
  {
    "fields": {
      "parentesco": "Soy tu padre",
      "nombre": "Quiern trajo ",
      "cedula": "10283018",
      "apellido": "el vehiculo"
    },
    "model": "rcs.trajovehiculo",
    "pk": 1
  },
  {
    "fields": {
      "documentos_presentados": [
        13,
        14,
        15,
        16,
        17,
        18
      ],
      "cap_puestos": 16,
      "kilometraje": "0",
      "anho": 123,
      "fk_titular_vehiculo": 1,
      "valor_estimado": "190122.00",
      "color": "rojo",
      "accesorios_vehiculo": [
        31,
        32,
        33,
        34,
        35,
        36,
        37,
        38,
        39,
        40,
        41,
        42,
        43,
        44,
        45,
        46,
        47,
        48,
        49,
        50,
        51,
        52,
        53,
        54,
        55,
        56,
        57,
        58,
        59
      ],
      "mecanica_vehiculo": [
        7,
        8,
        9,
        10
      ],
      "marca": "cmoasm",
      "serial_motor": "ksda91k9",
      "peso": "1231.00",
      "placa": "07102937097",
      "fk_inspector": 5,
      "modelo": "102093akkss",
      "condiciones_generales_vehiculo": [
        269,
        270,
        271,
        272,
        273,
        274,
        275,
        276,
        277,
        278,
        279,
        280,
        281,
        282,
        283,
        284,
        285,
        286,
        287,
        288,
        289,
        290,
        291,
        292,
        293,
        294,
        295,
        296,
        297,
        298,
        299,
        300,
        301
      ],
      "detalles_datos": [
        31,
        32,
        33
      ],
      "fk_tipo_manejo": 2,
      "fk_tipo_vehiculo": 2,
      "serial_carroceria": "1239j92j91j3",
      "cilindros": "13"
    },
    "model": "rcs.vehiculo",
    "pk": 1
  },
  {
    "fields": {
      "documentos_presentados": [
        19,
        20,
        21,
        22,
        23,
        24
      ],
      "cap_puestos": null,
      "kilometraje": null,
      "anho": null,
      "fk_titular_vehiculo": 3,
      "valor_estimado": null,
      "color": null,
      "accesorios_vehiculo": [],
      "mecanica_vehiculo": [],
      "marca": null,
      "serial_motor": null,
      "peso": null,
      "placa": "E141232",
      "fk_inspector": null,
      "modelo": null,
      "condiciones_generales_vehiculo": [],
      "detalles_datos": [],
      "fk_tipo_manejo": null,
      "fk_tipo_vehiculo": null,
      "serial_carroceria": null,
      "cilindros": null
    },
    "model": "rcs.vehiculo",
    "pk": 3
  },
  {
    "fields": {
      "documentos_presentados": [
        7,
        8,
        9,
        10,
        11,
        12
      ],
      "cap_puestos": 8,
      "kilometraje": "98",
      "anho": 2017,
      "fk_titular_vehiculo": 4,
      "valor_estimado": "900000.00",
      "color": "rosado",
      "accesorios_vehiculo": [
        60,
        61,
        62,
        63,
        64,
        65,
        66,
        67,
        68,
        69,
        70,
        71,
        72,
        73,
        74,
        75,
        76,
        77,
        78,
        79,
        80,
        81,
        82,
        83,
        84,
        85,
        86,
        87,
        88,
        89
      ],
      "mecanica_vehiculo": [
        11,
        12,
        13,
        14
      ],
      "marca": "toyora",
      "serial_motor": "ERAND123",
      "peso": "9189800.00",
      "placa": "RRECESA2",
      "fk_inspector": 5,
      "modelo": "eds1",
      "condiciones_generales_vehiculo": [
        302,
        303,
        304,
        305,
        306,
        307,
        308,
        309,
        310,
        311,
        312,
        313,
        314,
        315,
        316,
        317,
        318,
        319,
        320,
        321,
        322,
        323,
        324,
        325,
        326,
        327,
        328,
        329,
        330,
        331,
        332,
        333
      ],
      "detalles_datos": [
        11,
        12
      ],
      "fk_tipo_manejo": 1,
      "fk_tipo_vehiculo": 1,
      "serial_carroceria": "aiuja919",
      "cilindros": "0918"
    },
    "model": "rcs.vehiculo",
    "pk": 4
  },
  {
    "fields": {
      "documentos_presentados": [],
      "cap_puestos": null,
      "kilometraje": null,
      "anho": null,
      "fk_titular_vehiculo": 5,
      "valor_estimado": null,
      "color": null,
      "accesorios_vehiculo": [],
      "mecanica_vehiculo": [],
      "marca": null,
      "serial_motor": null,
      "peso": null,
      "placa": "019019019",
      "fk_inspector": null,
      "modelo": null,
      "condiciones_generales_vehiculo": [],
      "detalles_datos": [
        23
      ],
      "fk_tipo_manejo": null,
      "fk_tipo_vehiculo": null,
      "serial_carroceria": null,
      "cilindros": null
    },
    "model": "rcs.vehiculo",
    "pk": 5
  },
  {
    "fields": {
      "motivo": "Cobertura Amplia",
      "codigo": "COB_AMP"
    },
    "model": "rcs.motivosolicitud",
    "pk": 1
  },
  {
    "fields": {
      "motivo": "Perdida Total",
      "codigo": "PERD_TOT"
    },
    "model": "rcs.motivosolicitud",
    "pk": 2
  },
  {
    "fields": {
      "motivo": "Inclusion del Casco",
      "codigo": "INCL_CAS"
    },
    "model": "rcs.motivosolicitud",
    "pk": 3
  },
  {
    "fields": {
      "motivo": "Reparacion",
      "codigo": "REP"
    },
    "model": "rcs.motivosolicitud",
    "pk": 4
  },
  {
    "fields": {
      "motivo": "Aumento de la suma asegurada",
      "codigo": "AUM_SUM_ASEG"
    },
    "model": "rcs.motivosolicitud",
    "pk": 5
  },
  {
    "fields": {
      "motivo": "Plazo de gracia vencido",
      "codigo": "PLA_GRA_VENC"
    },
    "model": "rcs.motivosolicitud",
    "pk": 6
  },
  {
    "fields": {
      "motivo": "Inclusion de accesorios",
      "codigo": "INCL_ACCS"
    },
    "model": "rcs.motivosolicitud",
    "pk": 7
  },
  {
    "fields": {
      "motivo": "Cambio de vehiculo",
      "codigo": "CAMB_VEHI"
    },
    "model": "rcs.motivosolicitud",
    "pk": 8
  },
  {
    "fields": {
      "fk_vehiculo": 1,
      "fk_motivo_solicitud": 1,
      "fk_titular_vehiculo": 1,
      "fecha_creacion": "2017-05-13T18:53:06.968Z",
      "ruta": "240b-73e2-8cb5-7c51-5c55-ba25-88d0-92ba-4ed1-a905/07102937097/inspeccionplaca07102937097.pdf",
      "fk_trajo_vehiculo": null,
      "siendo_verificada": null,
      "fk_inspector": 5,
      "observaciones": null,
      "fk_estado_solicitud": 3
    },
    "model": "rcs.solicitudinspeccion",
    "pk": 1
  },
  {
    "fields": {
      "fk_vehiculo": 3,
      "fk_motivo_solicitud": 1,
      "fk_titular_vehiculo": 3,
      "fecha_creacion": "2017-05-04T08:10:32.871Z",
      "ruta": "",
      "fk_trajo_vehiculo": 1,
      "siendo_verificada": null,
      "fk_inspector": null,
      "observaciones": null,
      "fk_estado_solicitud": 1
    },
    "model": "rcs.solicitudinspeccion",
    "pk": 4
  },
  {
    "fields": {
      "fk_vehiculo": 4,
      "fk_motivo_solicitud": 1,
      "fk_titular_vehiculo": 4,
      "fecha_creacion": "2017-05-31T05:31:34.561Z",
      "ruta": "d67a-0396-ab81-9562-4b51-2ffe-0882-096a-bab3-a1d0/RRECESA2/inspeccionplacarrecesa2.pdf",
      "fk_trajo_vehiculo": 1,
      "siendo_verificada": null,
      "fk_inspector": 5,
      "observaciones": "sdasod oaisjd oiaj sodijaoisdj oaijsdiojasdjaosidj ",
      "fk_estado_solicitud": 2
    },
    "model": "rcs.solicitudinspeccion",
    "pk": 5
  },
  {
    "fields": {
      "fk_vehiculo": 5,
      "fk_motivo_solicitud": 1,
      "fk_titular_vehiculo": 5,
      "fecha_creacion": "2017-05-11T06:03:07.339Z",
      "ruta": "",
      "fk_trajo_vehiculo": 1,
      "siendo_verificada": null,
      "fk_inspector": null,
      "observaciones": null,
      "fk_estado_solicitud": 1
    },
    "model": "rcs.solicitudinspeccion",
    "pk": 6
  }
]