[
  {
    "model": "registro.tipousuario",
    "pk": 1,
    "fields": {
      "nombre": "INSPECTOR",
      "descripcion": "EL USUARIO ENCARGADO DEL PERITAJE ",
      "codigo": "INSP"
    }
  },
  {
    "model": "registro.tipousuario",
    "pk": 2,
    "fields": {
      "nombre": "TAQUILLA",
      "descripcion": "EL USUARIO ENCARGADO EN GENERAR LOS TICKETS DE INSPECCION",
      "codigo": "TAQ"
    }
  },
  {
    "model": "registro.status",
    "pk": 1,
    "fields": {
      "nombre": "ACTIVO",
      "codigo": "ACT",
      "descripcion": "EL USUARIO SE ENCUENTRA ACTIVO EN EL SISTEMA"
    }
  },
  {
    "model": "registro.status",
    "pk": 2,
    "fields": {
      "nombre": "BLOQUEADO",
      "codigo": "BLOQ",
      "descripcion": "EL USUARIO SE ENCUENTRA BLOQUEADO EN EL SISTEMA"
    }
  },
  {
    "model": "registro.status",
    "pk": 3,
    "fields": {
      "nombre": "INACTIVO",
      "codigo": "INACT",
      "descripcion": "EL USUARIO SE ENCUENTRA INACTIVO EN EL SISTEMA"
    }
  },
  {
    "model": "registro.usuario",
    "pk": 1,
    "fields": {
      "password": "123",
      "last_login": null,
      "username": "123",
      "fk_tipo_usuario": 1,
      "fk_status": 1,
      "nombre": "123",
      "apellido": "123",
      "cedula": "",
      "correo_electronico": "123@gmail.com",
      "intentos_login": 0,
      "is_active": true
    }
  },
  {
    "model": "registro.usuario",
    "pk": 2,
    "fields": {
      "password": "pbkdf2_sha256$30000$4VDkb9HkGKFN$+GRjRy2eXrU3XPFKXdiPCS/p8EHXmIe68cQIVuHiRGk=",
      "last_login": "2017-04-26T02:47:26.562Z",
      "username": "usuario2",
      "fk_tipo_usuario": 1,
      "fk_status": 1,
      "nombre": "nombre usuario2",
      "apellido": "apellido usuario2",
      "cedula": "22222222",
      "correo_electronico": "123123@gmail.com",
      "intentos_login": 0,
      "is_active": true
    }
  },
  {
    "model": "registro.usuario",
    "pk": 3,
    "fields": {
      "password": "pbkdf2_sha256$30000$1rypOHhRo0Bc$sKodgM0pd4qLEoNPFY3JAd0MLe8IyNmuVR76kluWA/I=",
      "last_login": null,
      "username": "usuario3",
      "fk_tipo_usuario": 1,
      "fk_status": 1,
      "nombre": "nombre usuario3",
      "apellido": "apellido usuario3",
      "cedula": "33333333",
      "correo_electronico": "usuario3@gmail.com",
      "intentos_login": 0,
      "is_active": true
    }
  },
  {
    "model": "registro.usuario",
    "pk": 4,
    "fields": {
      "password": "pbkdf2_sha256$30000$LunI1YXin73X$tvzt1SkViCbyc+IFFzDTlSDTBj/OaC10yyjtQVJbvBY=",
      "last_login": null,
      "username": "usuario4",
      "fk_tipo_usuario": 1,
      "fk_status": 1,
      "nombre": "nombre usuario4",
      "apellido": "apellido usuario4",
      "cedula": "44444444",
      "correo_electronico": "usuario4@gmail.com",
      "intentos_login": 0,
      "is_active": true
    }
  },
  {
    "model": "registro.usuario",
    "pk": 5,
    "fields": {
      "password": "pbkdf2_sha256$30000$6iuYoOT63IKJ$FvmcCFrPbv8Eqk8az/m/QlwkrVuijbJYEOmaBO08q7Y=",
      "last_login": "2017-05-13T19:58:04.565Z",
      "username": "asdqwe",
      "fk_tipo_usuario": 2,
      "fk_status": 1,
      "nombre": "ezquiel",
      "apellido": "zamora",
      "cedula": "55555555",
      "correo_electronico": "raxs64@gmail.com",
      "intentos_login": 0,
      "is_active": true
    }
  },
  {
    "model": "rcs.estadosolicitud",
    "pk": 1,
    "fields": {
      "nombre": "Abierta",
      "descripcion": "Solicitud en estado abierta, pendiente por inspeccionar el vehiculo",
      "codigo": "PEND_INSP"
    }
  },
  {
    "model": "rcs.estadosolicitud",
    "pk": 2,
    "fields": {
      "nombre": "Por revisar",
      "descripcion": "Solicitud luego de ser inspeccionado el vehiculo, pendiente por gestionar",
      "codigo": "PEND_GEST"
    }
  },
  {
    "model": "rcs.estadosolicitud",
    "pk": 3,
    "fields": {
      "nombre": "Cerrada",
      "descripcion": "Solicitud en estado cerrada, luego de haber sido gestionada la solicitud",
      "codigo": "CERRADA"
    }
  },
  {
    "model": "rcs.estadovehiculo",
    "pk": 1,
    "fields": {
      "nombre": "BUENO",
      "descripcion": "El vehiculo esta en buen estado ",
      "codigo": "B",
      "clase": null
    }
  },
  {
    "model": "rcs.estadovehiculo",
    "pk": 2,
    "fields": {
      "nombre": "REGULAR",
      "descripcion": "El vehiculo esta en estado regular",
      "codigo": "R",
      "clase": null
    }
  },
  {
    "model": "rcs.estadovehiculo",
    "pk": 3,
    "fields": {
      "nombre": "MALO",
      "descripcion": "El vehiculo esta en mal estado ",
      "codigo": "M",
      "clase": null
    }
  },
  {
    "model": "rcs.tipovehiculo",
    "pk": 1,
    "fields": {
      "nombre": "Sedan",
      "codigo": "SED"
    }
  },
  {
    "model": "rcs.tipovehiculo",
    "pk": 2,
    "fields": {
      "nombre": "Carga",
      "codigo": "CARG"
    }
  },
  {
    "model": "rcs.tipovehiculo",
    "pk": 3,
    "fields": {
      "nombre": "Coupe",
      "codigo": "COUP"
    }
  },
  {
    "model": "rcs.tipomanejo",
    "pk": 1,
    "fields": {
      "nombre": "Automatico",
      "codigo": "AUTO"
    }
  },
  {
    "model": "rcs.tipomanejo",
    "pk": 2,
    "fields": {
      "nombre": "Sincronico",
      "codigo": "SINC"
    }
  },
  {
    "model": "rcs.condicionesgeneralesbase",
    "pk": 1,
    "fields": {
      "parte": "23. Latoneria",
      "fk_estado_vehiculo": null,
      "observacion": null,
      "codigo": "LAT"
    }
  },
  {
    "model": "rcs.condicionesgeneralesbase",
    "pk": 2,
    "fields": {
      "parte": "24. Planilla O Rejilla Frontal",
      "fk_estado_vehiculo": null,
      "observacion": null,
      "codigo": "PLA_REJ_FRO"
    }
  },
  {
    "model": "rcs.condicionesgeneralesbase",
    "pk": 3,
    "fields": {
      "parte": "25. Techo ",
      "fk_estado_vehiculo": null,
      "observacion": null,
      "codigo": "TECH"
    }
  },
  {
    "model": "rcs.condicionesgeneralesbase",
    "pk": 4,
    "fields": {
      "parte": "26. Pintura",
      "fk_estado_vehiculo": null,
      "observacion": null,
      "codigo": "PINT"
    }
  },
  {
    "model": "rcs.condicionesgeneralesbase",
    "pk": 5,
    "fields": {
      "parte": "27. Sop O Focos Traseros",
      "fk_estado_vehiculo": null,
      "observacion": null,
      "codigo": "SOP_FOC_TRAS"
    }
  },
  {
    "model": "rcs.condicionesgeneralesbase",
    "pk": 6,
    "fields": {
      "parte": "28. Compuesta Trasera",
      "fk_estado_vehiculo": null,
      "observacion": null,
      "codigo": "COMP_TRAS"
    }
  },
  {
    "model": "rcs.condicionesgeneralesbase",
    "pk": 7,
    "fields": {
      "parte": "29. Tapiceria",
      "fk_estado_vehiculo": null,
      "observacion": null,
      "codigo": "TAPI"
    }
  },
  {
    "model": "rcs.condicionesgeneralesbase",
    "pk": 8,
    "fields": {
      "parte": "30. Cocuyos Frontales",
      "fk_estado_vehiculo": null,
      "observacion": null,
      "codigo": "COC_FRON"
    }
  },
  {
    "model": "rcs.condicionesgeneralesbase",
    "pk": 9,
    "fields": {
      "parte": "31. Parabrisas",
      "fk_estado_vehiculo": null,
      "observacion": null,
      "codigo": "PARABR"
    }
  },
  {
    "model": "rcs.condicionesgeneralesbase",
    "pk": 10,
    "fields": {
      "parte": "32. Cauchos",
      "fk_estado_vehiculo": null,
      "observacion": null,
      "codigo": "CAUCH"
    }
  },
  {
    "model": "rcs.condicionesgeneralesbase",
    "pk": 11,
    "fields": {
      "parte": "33. Retrovisor Interno",
      "fk_estado_vehiculo": null,
      "observacion": null,
      "codigo": "RET_INT"
    }
  },
  {
    "model": "rcs.condicionesgeneralesbase",
    "pk": 12,
    "fields": {
      "parte": "34. Parachoques",
      "fk_estado_vehiculo": null,
      "observacion": null,
      "codigo": "PAR_CHOQ"
    }
  },
  {
    "model": "rcs.condicionesgeneralesbase",
    "pk": 13,
    "fields": {
      "parte": "35. Platinas ",
      "fk_estado_vehiculo": null,
      "observacion": null,
      "codigo": "PLAT"
    }
  },
  {
    "model": "rcs.condicionesgeneralesbase",
    "pk": 14,
    "fields": {
      "parte": "36. Manillas Y Cerraduras",
      "fk_estado_vehiculo": null,
      "observacion": null,
      "codigo": "MANI_CERR"
    }
  },
  {
    "model": "rcs.condicionesgeneralesbase",
    "pk": 15,
    "fields": {
      "parte": "37. Cometa",
      "fk_estado_vehiculo": null,
      "observacion": null,
      "codigo": "COMT"
    }
  },
  {
    "model": "rcs.condicionesgeneralesbase",
    "pk": 16,
    "fields": {
      "parte": "38. Tableros ",
      "fk_estado_vehiculo": null,
      "observacion": null,
      "codigo": "TAB"
    }
  },
  {
    "model": "rcs.condicionesgeneralesbase",
    "pk": 17,
    "fields": {
      "parte": "39. Limpia Parabrisas",
      "fk_estado_vehiculo": null,
      "observacion": null,
      "codigo": "LIMP_PAR"
    }
  },
  {
    "model": "rcs.condicionesgeneralesbase",
    "pk": 18,
    "fields": {
      "parte": "40. Butacas Y Asientos",
      "fk_estado_vehiculo": null,
      "observacion": null,
      "codigo": "BUT_ASI"
    }
  },
  {
    "model": "rcs.condicionesgeneralesbase",
    "pk": 19,
    "fields": {
      "parte": "41. Faros Y Sus Aros",
      "fk_estado_vehiculo": null,
      "observacion": null,
      "codigo": "FAR_ARO"
    }
  },
  {
    "model": "rcs.condicionesgeneralesbase",
    "pk": 20,
    "fields": {
      "parte": "42. Retrovisores Externos ",
      "fk_estado_vehiculo": null,
      "observacion": null,
      "codigo": "RET_EXT"
    }
  },
  {
    "model": "rcs.condicionesgeneralesbase",
    "pk": 21,
    "fields": {
      "parte": "43. Volantes",
      "fk_estado_vehiculo": null,
      "observacion": null,
      "codigo": "VOL"
    }
  },
  {
    "model": "rcs.condicionesgeneralesbase",
    "pk": 22,
    "fields": {
      "parte": "44. Emblema De Modelo",
      "fk_estado_vehiculo": null,
      "observacion": null,
      "codigo": "EMB_MOD"
    }
  },
  {
    "model": "rcs.condicionesgeneralesbase",
    "pk": 23,
    "fields": {
      "parte": "45. Guardafangos ",
      "fk_estado_vehiculo": null,
      "observacion": null,
      "codigo": "GURD_FANG"
    }
  },
  {
    "model": "rcs.condicionesgeneralesbase",
    "pk": 24,
    "fields": {
      "parte": "46. Cinturones De Seguridad",
      "fk_estado_vehiculo": null,
      "observacion": null,
      "codigo": "CINT_SEG"
    }
  },
  {
    "model": "rcs.condicionesgeneralesbase",
    "pk": 25,
    "fields": {
      "parte": "47. Estribos",
      "fk_estado_vehiculo": null,
      "observacion": null,
      "codigo": "ESTR"
    }
  },
  {
    "model": "rcs.condicionesgeneralesbase",
    "pk": 26,
    "fields": {
      "parte": "48. Puertas ",
      "fk_estado_vehiculo": null,
      "observacion": null,
      "codigo": "PUERT"
    }
  },
  {
    "model": "rcs.condicionesgeneralesbase",
    "pk": 27,
    "fields": {
      "parte": "49. Ventanas",
      "fk_estado_vehiculo": null,
      "observacion": null,
      "codigo": "VENT"
    }
  },
  {
    "model": "rcs.condicionesgeneralesbase",
    "pk": 28,
    "fields": {
      "parte": "50. Frontal",
      "fk_estado_vehiculo": null,
      "observacion": null,
      "codigo": "FRONT"
    }
  },
  {
    "model": "rcs.condicionesgeneralesbase",
    "pk": 29,
    "fields": {
      "parte": "51. Capot ",
      "fk_estado_vehiculo": null,
      "observacion": null,
      "codigo": "CAPT"
    }
  },
  {
    "model": "rcs.condicionesgeneralesbase",
    "pk": 30,
    "fields": {
      "parte": "52. Maleta Y Tapa Maleta",
      "fk_estado_vehiculo": null,
      "observacion": null,
      "codigo": "MALE_TAPA_MALE"
    }
  },
  {
    "model": "rcs.condicionesgeneralesbase",
    "pk": 31,
    "fields": {
      "parte": "53. Modific. Del Modelo",
      "fk_estado_vehiculo": null,
      "observacion": null,
      "codigo": "MOD_MODELO"
    }
  },
  {
    "model": "rcs.condicionesgeneralesbase",
    "pk": 32,
    "fields": {
      "parte": "54. Carter Trasero",
      "fk_estado_vehiculo": null,
      "observacion": null,
      "codigo": "CAR_TRAS"
    }
  },
  {
    "model": "rcs.condicionesgeneralesbase",
    "pk": 33,
    "fields": {
      "parte": "55. Otro",
      "fk_estado_vehiculo": null,
      "observacion": null,
      "codigo": "OTRO"
    }
  },
  {
    "model": "rcs.condicionesgeneralesvehiculo",
    "pk": 269,
    "fields": {
      "parte": "23. Latoneria",
      "fk_estado_vehiculo": 1,
      "observacion": "q",
      "codigo": "LAT_1"
    }
  },
  {
    "model": "rcs.condicionesgeneralesvehiculo",
    "pk": 270,
    "fields": {
      "parte": "24. Planilla O Rejilla Frontal",
      "fk_estado_vehiculo": 1,
      "observacion": "",
      "codigo": "PLA_REJ_FRO_1"
    }
  },
  {
    "model": "rcs.condicionesgeneralesvehiculo",
    "pk": 271,
    "fields": {
      "parte": "25. Techo ",
      "fk_estado_vehiculo": 1,
      "observacion": "",
      "codigo": "TECH_1"
    }
  },
  {
    "model": "rcs.condicionesgeneralesvehiculo",
    "pk": 272,
    "fields": {
      "parte": "26. Pintura",
      "fk_estado_vehiculo": 2,
      "observacion": "q",
      "codigo": "PINT_1"
    }
  },
  {
    "model": "rcs.condicionesgeneralesvehiculo",
    "pk": 273,
    "fields": {
      "parte": "27. Sop O Focos Traseros",
      "fk_estado_vehiculo": 2,
      "observacion": "",
      "codigo": "SOP_FOC_TRAS_1"
    }
  },
  {
    "model": "rcs.condicionesgeneralesvehiculo",
    "pk": 274,
    "fields": {
      "parte": "28. Compuesta Trasera",
      "fk_estado_vehiculo": 2,
      "observacion": "",
      "codigo": "COMP_TRAS_1"
    }
  },
  {
    "model": "rcs.condicionesgeneralesvehiculo",
    "pk": 275,
    "fields": {
      "parte": "29. Tapiceria",
      "fk_estado_vehiculo": 1,
      "observacion": "e",
      "codigo": "TAPI_1"
    }
  },
  {
    "model": "rcs.condicionesgeneralesvehiculo",
    "pk": 276,
    "fields": {
      "parte": "30. Cocuyos Frontales",
      "fk_estado_vehiculo": 1,
      "observacion": "3e",
      "codigo": "COC_FRON_1"
    }
  },
  {
    "model": "rcs.condicionesgeneralesvehiculo",
    "pk": 277,
    "fields": {
      "parte": "31. Parabrisas",
      "fk_estado_vehiculo": 1,
      "observacion": "e",
      "codigo": "PARABR_1"
    }
  },
  {
    "model": "rcs.condicionesgeneralesvehiculo",
    "pk": 278,
    "fields": {
      "parte": "32. Cauchos",
      "fk_estado_vehiculo": 1,
      "observacion": "e",
      "codigo": "CAUCH_1"
    }
  },
  {
    "model": "rcs.condicionesgeneralesvehiculo",
    "pk": 279,
    "fields": {
      "parte": "33. Retrovisor Interno",
      "fk_estado_vehiculo": 1,
      "observacion": "e",
      "codigo": "RET_INT_1"
    }
  },
  {
    "model": "rcs.condicionesgeneralesvehiculo",
    "pk": 280,
    "fields": {
      "parte": "34. Parachoques",
      "fk_estado_vehiculo": 1,
      "observacion": "e",
      "codigo": "PAR_CHOQ_1"
    }
  },
  {
    "model": "rcs.condicionesgeneralesvehiculo",
    "pk": 281,
    "fields": {
      "parte": "35. Platinas ",
      "fk_estado_vehiculo": 1,
      "observacion": "",
      "codigo": "PLAT_1"
    }
  },
  {
    "model": "rcs.condicionesgeneralesvehiculo",
    "pk": 282,
    "fields": {
      "parte": "36. Manillas Y Cerraduras",
      "fk_estado_vehiculo": 1,
      "observacion": "",
      "codigo": "MANI_CERR_1"
    }
  },
  {
    "model": "rcs.condicionesgeneralesvehiculo",
    "pk": 283,
    "fields": {
      "parte": "37. Cometa",
      "fk_estado_vehiculo": 1,
      "observacion": "",
      "codigo": "COMT_1"
    }
  },
  {
    "model": "rcs.condicionesgeneralesvehiculo",
    "pk": 284,
    "fields": {
      "parte": "38. Tableros ",
      "fk_estado_vehiculo": 1,
      "observacion": "",
      "codigo": "TAB_1"
    }
  },
  {
    "model": "rcs.condicionesgeneralesvehiculo",
    "pk": 285,
    "fields": {
      "parte": "39. Limpia Parabrisas",
      "fk_estado_vehiculo": 1,
      "observacion": "2",
      "codigo": "LIMP_PAR_1"
    }
  },
  {
    "model": "rcs.condicionesgeneralesvehiculo",
    "pk": 286,
    "fields": {
      "parte": "40. Butacas Y Asientos",
      "fk_estado_vehiculo": 1,
      "observacion": "2",
      "codigo": "BUT_ASI_1"
    }
  },
  {
    "model": "rcs.condicionesgeneralesvehiculo",
    "pk": 287,
    "fields": {
      "parte": "41. Faros Y Sus Aros",
      "fk_estado_vehiculo": 1,
      "observacion": "",
      "codigo": "FAR_ARO_1"
    }
  },
  {
    "model": "rcs.condicionesgeneralesvehiculo",
    "pk": 288,
    "fields": {
      "parte": "42. Retrovisores Externos ",
      "fk_estado_vehiculo": 1,
      "observacion": "2",
      "codigo": "RET_EXT_1"
    }
  },
  {
    "model": "rcs.condicionesgeneralesvehiculo",
    "pk": 289,
    "fields": {
      "parte": "43. Volantes",
      "fk_estado_vehiculo": 1,
      "observacion": "2",
      "codigo": "VOL_1"
    }
  },
  {
    "model": "rcs.condicionesgeneralesvehiculo",
    "pk": 290,
    "fields": {
      "parte": "44. Emblema De Modelo",
      "fk_estado_vehiculo": 1,
      "observacion": "1",
      "codigo": "EMB_MOD_1"
    }
  },
  {
    "model": "rcs.condicionesgeneralesvehiculo",
    "pk": 291,
    "fields": {
      "parte": "45. Guardafangos ",
      "fk_estado_vehiculo": 1,
      "observacion": "",
      "codigo": "GURD_FANG_1"
    }
  },
  {
    "model": "rcs.condicionesgeneralesvehiculo",
    "pk": 292,
    "fields": {
      "parte": "46. Cinturones De Seguridad",
      "fk_estado_vehiculo": 1,
      "observacion": "",
      "codigo": "CINT_SEG_1"
    }
  },
  {
    "model": "rcs.condicionesgeneralesvehiculo",
    "pk": 293,
    "fields": {
      "parte": "47. Estribos",
      "fk_estado_vehiculo": 1,
      "observacion": "",
      "codigo": "ESTR_1"
    }
  },
  {
    "model": "rcs.condicionesgeneralesvehiculo",
    "pk": 294,
    "fields": {
      "parte": "48. Puertas ",
      "fk_estado_vehiculo": 1,
      "observacion": "",
      "codigo": "PUERT_1"
    }
  },
  {
    "model": "rcs.condicionesgeneralesvehiculo",
    "pk": 295,
    "fields": {
      "parte": "49. Ventanas",
      "fk_estado_vehiculo": 1,
      "observacion": "",
      "codigo": "VENT_1"
    }
  },
  {
    "model": "rcs.condicionesgeneralesvehiculo",
    "pk": 296,
    "fields": {
      "parte": "50. Frontal",
      "fk_estado_vehiculo": 1,
      "observacion": "",
      "codigo": "FRONT_1"
    }
  },
  {
    "model": "rcs.condicionesgeneralesvehiculo",
    "pk": 297,
    "fields": {
      "parte": "51. Capot ",
      "fk_estado_vehiculo": 1,
      "observacion": "1",
      "codigo": "CAPT_1"
    }
  },
  {
    "model": "rcs.condicionesgeneralesvehiculo",
    "pk": 298,
    "fields": {
      "parte": "52. Maleta Y Tapa Maleta",
      "fk_estado_vehiculo": 1,
      "observacion": "",
      "codigo": "MALE_TAPA_MALE_1"
    }
  },
  {
    "model": "rcs.condicionesgeneralesvehiculo",
    "pk": 299,
    "fields": {
      "parte": "53. Modific. Del Modelo",
      "fk_estado_vehiculo": 1,
      "observacion": "",
      "codigo": "MOD_MODELO_1"
    }
  },
  {
    "model": "rcs.condicionesgeneralesvehiculo",
    "pk": 300,
    "fields": {
      "parte": "54. Carter Trasero",
      "fk_estado_vehiculo": 1,
      "observacion": "1",
      "codigo": "CAR_TRAS_1"
    }
  },
  {
    "model": "rcs.condicionesgeneralesvehiculo",
    "pk": 301,
    "fields": {
      "parte": "55. Otro",
      "fk_estado_vehiculo": 1,
      "observacion": "123",
      "codigo": "OTRO_1"
    }
  },
  {
    "model": "rcs.condicionesgeneralesvehiculo",
    "pk": 302,
    "fields": {
      "parte": "23. Latoneria",
      "fk_estado_vehiculo": 1,
      "observacion": "1",
      "codigo": "LAT_4"
    }
  },
  {
    "model": "rcs.condicionesgeneralesvehiculo",
    "pk": 303,
    "fields": {
      "parte": "24. Planilla O Rejilla Frontal",
      "fk_estado_vehiculo": 1,
      "observacion": "",
      "codigo": "PLA_REJ_FRO_4"
    }
  },
  {
    "model": "rcs.condicionesgeneralesvehiculo",
    "pk": 304,
    "fields": {
      "parte": "25. Techo ",
      "fk_estado_vehiculo": 1,
      "observacion": "",
      "codigo": "TECH_4"
    }
  },
  {
    "model": "rcs.condicionesgeneralesvehiculo",
    "pk": 305,
    "fields": {
      "parte": "26. Pintura",
      "fk_estado_vehiculo": 3,
      "observacion": "1",
      "codigo": "PINT_4"
    }
  },
  {
    "model": "rcs.condicionesgeneralesvehiculo",
    "pk": 306,
    "fields": {
      "parte": "27. Sop O Focos Traseros",
      "fk_estado_vehiculo": 3,
      "observacion": "",
      "codigo": "SOP_FOC_TRAS_4"
    }
  },
  {
    "model": "rcs.condicionesgeneralesvehiculo",
    "pk": 307,
    "fields": {
      "parte": "28. Compuesta Trasera",
      "fk_estado_vehiculo": 3,
      "observacion": "1",
      "codigo": "COMP_TRAS_4"
    }
  },
  {
    "model": "rcs.condicionesgeneralesvehiculo",
    "pk": 308,
    "fields": {
      "parte": "29. Tapiceria",
      "fk_estado_vehiculo": 1,
      "observacion": "",
      "codigo": "TAPI_4"
    }
  },
  {
    "model": "rcs.condicionesgeneralesvehiculo",
    "pk": 309,
    "fields": {
      "parte": "30. Cocuyos Frontales",
      "fk_estado_vehiculo": 1,
      "observacion": "11",
      "codigo": "COC_FRON_4"
    }
  },
  {
    "model": "rcs.condicionesgeneralesvehiculo",
    "pk": 310,
    "fields": {
      "parte": "31. Parabrisas",
      "fk_estado_vehiculo": 1,
      "observacion": "1",
      "codigo": "PARABR_4"
    }
  },
  {
    "model": "rcs.condicionesgeneralesvehiculo",
    "pk": 311,
    "fields": {
      "parte": "32. Cauchos",
      "fk_estado_vehiculo": 3,
      "observacion": "1",
      "codigo": "CAUCH_4"
    }
  },
  {
    "model": "rcs.condicionesgeneralesvehiculo",
    "pk": 312,
    "fields": {
      "parte": "33. Retrovisor Interno",
      "fk_estado_vehiculo": 3,
      "observacion": "1",
      "codigo": "RET_INT_4"
    }
  },
  {
    "model": "rcs.condicionesgeneralesvehiculo",
    "pk": 313,
    "fields": {
      "parte": "34. Parachoques",
      "fk_estado_vehiculo": 3,
      "observacion": "1",
      "codigo": "PAR_CHOQ_4"
    }
  },
  {
    "model": "rcs.condicionesgeneralesvehiculo",
    "pk": 314,
    "fields": {
      "parte": "35. Platinas ",
      "fk_estado_vehiculo": 3,
      "observacion": "",
      "codigo": "PLAT_4"
    }
  },
  {
    "model": "rcs.condicionesgeneralesvehiculo",
    "pk": 315,
    "fields": {
      "parte": "36. Manillas Y Cerraduras",
      "fk_estado_vehiculo": 3,
      "observacion": "",
      "codigo": "MANI_CERR_4"
    }
  },
  {
    "model": "rcs.condicionesgeneralesvehiculo",
    "pk": 316,
    "fields": {
      "parte": "37. Cometa",
      "fk_estado_vehiculo": 3,
      "observacion": "111111",
      "codigo": "COMT_4"
    }
  },
  {
    "model": "rcs.condicionesgeneralesvehiculo",
    "pk": 317,
    "fields": {
      "parte": "38. Tableros ",
      "fk_estado_vehiculo": 3,
      "observacion": "",
      "codigo": "TAB_4"
    }
  },
  {
    "model": "rcs.condicionesgeneralesvehiculo",
    "pk": 318,
    "fields": {
      "parte": "39. Limpia Parabrisas",
      "fk_estado_vehiculo": 3,
      "observacion": "",
      "codigo": "LIMP_PAR_4"
    }
  },
  {
    "model": "rcs.condicionesgeneralesvehiculo",
    "pk": 319,
    "fields": {
      "parte": "40. Butacas Y Asientos",
      "fk_estado_vehiculo": 3,
      "observacion": "",
      "codigo": "BUT_ASI_4"
    }
  },
  {
    "model": "rcs.condicionesgeneralesvehiculo",
    "pk": 320,
    "fields": {
      "parte": "41. Faros Y Sus Aros",
      "fk_estado_vehiculo": 3,
      "observacion": "",
      "codigo": "FAR_ARO_4"
    }
  },
  {
    "model": "rcs.condicionesgeneralesvehiculo",
    "pk": 321,
    "fields": {
      "parte": "42. Retrovisores Externos ",
      "fk_estado_vehiculo": 3,
      "observacion": "",
      "codigo": "RET_EXT_4"
    }
  },
  {
    "model": "rcs.condicionesgeneralesvehiculo",
    "pk": 322,
    "fields": {
      "parte": "43. Volantes",
      "fk_estado_vehiculo": 3,
      "observacion": "",
      "codigo": "VOL_4"
    }
  },
  {
    "model": "rcs.condicionesgeneralesvehiculo",
    "pk": 323,
    "fields": {
      "parte": "44. Emblema De Modelo",
      "fk_estado_vehiculo": 3,
      "observacion": "",
      "codigo": "EMB_MOD_4"
    }
  },
  {
    "model": "rcs.condicionesgeneralesvehiculo",
    "pk": 324,
    "fields": {
      "parte": "45. Guardafangos ",
      "fk_estado_vehiculo": 3,
      "observacion": "",
      "codigo": "GURD_FANG_4"
    }
  },
  {
    "model": "rcs.condicionesgeneralesvehiculo",
    "pk": 325,
    "fields": {
      "parte": "46. Cinturones De Seguridad",
      "fk_estado_vehiculo": 3,
      "observacion": "",
      "codigo": "CINT_SEG_4"
    }
  },
  {
    "model": "rcs.condicionesgeneralesvehiculo",
    "pk": 326,
    "fields": {
      "parte": "47. Estribos",
      "fk_estado_vehiculo": 3,
      "observacion": "",
      "codigo": "ESTR_4"
    }
  },
  {
    "model": "rcs.condicionesgeneralesvehiculo",
    "pk": 327,
    "fields": {
      "parte": "48. Puertas ",
      "fk_estado_vehiculo": 3,
      "observacion": "",
      "codigo": "PUERT_4"
    }
  },
  {
    "model": "rcs.condicionesgeneralesvehiculo",
    "pk": 328,
    "fields": {
      "parte": "49. Ventanas",
      "fk_estado_vehiculo": 3,
      "observacion": "",
      "codigo": "VENT_4"
    }
  },
  {
    "model": "rcs.condicionesgeneralesvehiculo",
    "pk": 329,
    "fields": {
      "parte": "50. Frontal",
      "fk_estado_vehiculo": 3,
      "observacion": "",
      "codigo": "FRONT_4"
    }
  },
  {
    "model": "rcs.condicionesgeneralesvehiculo",
    "pk": 330,
    "fields": {
      "parte": "51. Capot ",
      "fk_estado_vehiculo": 3,
      "observacion": "",
      "codigo": "CAPT_4"
    }
  },
  {
    "model": "rcs.condicionesgeneralesvehiculo",
    "pk": 331,
    "fields": {
      "parte": "52. Maleta Y Tapa Maleta",
      "fk_estado_vehiculo": 3,
      "observacion": "",
      "codigo": "MALE_TAPA_MALE_4"
    }
  },
  {
    "model": "rcs.condicionesgeneralesvehiculo",
    "pk": 332,
    "fields": {
      "parte": "53. Modific. Del Modelo",
      "fk_estado_vehiculo": 3,
      "observacion": "",
      "codigo": "MOD_MODELO_4"
    }
  },
  {
    "model": "rcs.condicionesgeneralesvehiculo",
    "pk": 333,
    "fields": {
      "parte": "54. Carter Trasero",
      "fk_estado_vehiculo": 3,
      "observacion": "",
      "codigo": "CAR_TRAS_4"
    }
  },
  {
    "model": "rcs.mecanicabase",
    "pk": 1,
    "fields": {
      "parte": "56. Encenddo",
      "fk_estado_vehiculo": null,
      "observacion": null,
      "codigo": "ENC"
    }
  },
  {
    "model": "rcs.mecanicabase",
    "pk": 2,
    "fields": {
      "parte": "57. Embraque O Crocht",
      "fk_estado_vehiculo": null,
      "observacion": null,
      "codigo": "EMB_CROCH"
    }
  },
  {
    "model": "rcs.mecanicabase",
    "pk": 3,
    "fields": {
      "parte": "58. Sistema Electrico",
      "fk_estado_vehiculo": null,
      "observacion": null,
      "codigo": "SIS_ELEC"
    }
  },
  {
    "model": "rcs.mecanicabase",
    "pk": 4,
    "fields": {
      "parte": "59. Otros",
      "fk_estado_vehiculo": null,
      "observacion": null,
      "codigo": "OTRO1_MV"
    }
  },
  {
    "model": "rcs.mecanicabase",
    "pk": 5,
    "fields": {
      "parte": "60. Otros",
      "fk_estado_vehiculo": null,
      "observacion": null,
      "codigo": "OTRO2_MV"
    }
  },
  {
    "model": "rcs.mecanicabase",
    "pk": 6,
    "fields": {
      "parte": "61. Otros",
      "fk_estado_vehiculo": null,
      "observacion": null,
      "codigo": "OTRO3_MV"
    }
  },
  {
    "model": "rcs.mecanicavehiculo",
    "pk": 7,
    "fields": {
      "parte": "56. Encenddo",
      "fk_estado_vehiculo": 2,
      "observacion": "1",
      "codigo": "ENC_1"
    }
  },
  {
    "model": "rcs.mecanicavehiculo",
    "pk": 8,
    "fields": {
      "parte": "57. Embraque O Crocht",
      "fk_estado_vehiculo": 3,
      "observacion": "2dasdasd",
      "codigo": "EMB_CROCH_1"
    }
  },
  {
    "model": "rcs.mecanicavehiculo",
    "pk": 9,
    "fields": {
      "parte": "58. Sistema Electrico",
      "fk_estado_vehiculo": 2,
      "observacion": "2",
      "codigo": "SIS_ELEC_1"
    }
  },
  {
    "model": "rcs.mecanicavehiculo",
    "pk": 10,
    "fields": {
      "parte": "59. Otros",
      "fk_estado_vehiculo": 2,
      "observacion": "1",
      "codigo": "OTRO1_MV_1"
    }
  },
  {
    "model": "rcs.mecanicavehiculo",
    "pk": 11,
    "fields": {
      "parte": "56. Encenddo",
      "fk_estado_vehiculo": 1,
      "observacion": "sadasd",
      "codigo": "ENC_4"
    }
  },
  {
    "model": "rcs.mecanicavehiculo",
    "pk": 12,
    "fields": {
      "parte": "57. Embraque O Crocht",
      "fk_estado_vehiculo": 2,
      "observacion": "asdasd",
      "codigo": "EMB_CROCH_4"
    }
  },
  {
    "model": "rcs.mecanicavehiculo",
    "pk": 13,
    "fields": {
      "parte": "58. Sistema Electrico",
      "fk_estado_vehiculo": 1,
      "observacion": "asdasd",
      "codigo": "SIS_ELEC_4"
    }
  },
  {
    "model": "rcs.mecanicavehiculo",
    "pk": 14,
    "fields": {
      "parte": "59. Otros",
      "fk_estado_vehiculo": 1,
      "observacion": "asdasd",
      "codigo": "OTRO1_MV_4"
    }
  },
  {
    "model": "rcs.accesoriosbase",
    "pk": 1,
    "fields": {
      "accesorio": "62. Radio / Antena  ",
      "existe": false,
      "observacion": null,
      "codigo": "RADIO_ANT"
    }
  },
  {
    "model": "rcs.accesoriosbase",
    "pk": 2,
    "fields": {
      "accesorio": "63. Foco De Posicion",
      "existe": false,
      "observacion": null,
      "codigo": "FOC_POS"
    }
  },
  {
    "model": "rcs.accesoriosbase",
    "pk": 3,
    "fields": {
      "accesorio": "64. Rines Especiales",
      "existe": false,
      "observacion": null,
      "codigo": "RIN_ESP"
    }
  },
  {
    "model": "rcs.accesoriosbase",
    "pk": 4,
    "fields": {
      "accesorio": "65. Radio Reproductor",
      "existe": false,
      "observacion": null,
      "codigo": "RAD_REP"
    }
  },
  {
    "model": "rcs.accesoriosbase",
    "pk": 5,
    "fields": {
      "accesorio": "66. Aire Acondicionado",
      "existe": false,
      "observacion": null,
      "codigo": "AIR_ACON"
    }
  },
  {
    "model": "rcs.accesoriosbase",
    "pk": 6,
    "fields": {
      "accesorio": "67. Caucho Respuesto",
      "existe": false,
      "observacion": null,
      "codigo": "CAUC_RESP"
    }
  },
  {
    "model": "rcs.accesoriosbase",
    "pk": 7,
    "fields": {
      "accesorio": "68. Reproductor de Antena",
      "existe": false,
      "observacion": null,
      "codigo": "REP_ANT"
    }
  },
  {
    "model": "rcs.accesoriosbase",
    "pk": 8,
    "fields": {
      "accesorio": "69. Spoiler ",
      "existe": false,
      "observacion": null,
      "codigo": "SPOIL"
    }
  },
  {
    "model": "rcs.accesoriosbase",
    "pk": 9,
    "fields": {
      "accesorio": "70. Parachoque Espec. (Mataburro)",
      "existe": false,
      "observacion": null,
      "codigo": "PAR_ESP"
    }
  },
  {
    "model": "rcs.accesoriosbase",
    "pk": 10,
    "fields": {
      "accesorio": "71. Cornetas Especiales ",
      "existe": false,
      "observacion": null,
      "codigo": "CORN_ESP"
    }
  },
  {
    "model": "rcs.accesoriosbase",
    "pk": 11,
    "fields": {
      "accesorio": "72. Llave De Cruz ",
      "existe": false,
      "observacion": null,
      "codigo": "LLAV_CRUZ"
    }
  },
  {
    "model": "rcs.accesoriosbase",
    "pk": 12,
    "fields": {
      "accesorio": "73. Rayas Decativas",
      "existe": false,
      "observacion": null,
      "codigo": "RAY_DEC"
    }
  },
  {
    "model": "rcs.accesoriosbase",
    "pk": 13,
    "fields": {
      "accesorio": "74. Compact Disc",
      "existe": false,
      "observacion": null,
      "codigo": "COMP_DISC"
    }
  },
  {
    "model": "rcs.accesoriosbase",
    "pk": 14,
    "fields": {
      "accesorio": "75. Triangulo De Seguridad",
      "existe": false,
      "observacion": null,
      "codigo": "TRI_SEG"
    }
  },
  {
    "model": "rcs.accesoriosbase",
    "pk": 15,
    "fields": {
      "accesorio": "76. Tazas De Los Cauchos ",
      "existe": false,
      "observacion": null,
      "codigo": "TAZ_CAUCH"
    }
  },
  {
    "model": "rcs.accesoriosbase",
    "pk": 16,
    "fields": {
      "accesorio": "77. Ecualizados",
      "existe": false,
      "observacion": null,
      "codigo": "ECUAL"
    }
  },
  {
    "model": "rcs.accesoriosbase",
    "pk": 17,
    "fields": {
      "accesorio": "78. Parrilla Techo",
      "existe": false,
      "observacion": null,
      "codigo": "PARR_TECH"
    }
  },
  {
    "model": "rcs.accesoriosbase",
    "pk": 18,
    "fields": {
      "accesorio": "79. Volante Especial",
      "existe": false,
      "observacion": null,
      "codigo": "VOL_ESP"
    }
  },
  {
    "model": "rcs.accesoriosbase",
    "pk": 19,
    "fields": {
      "accesorio": "80. Televizor",
      "existe": false,
      "observacion": null,
      "codigo": "TV"
    }
  },
  {
    "model": "rcs.accesoriosbase",
    "pk": 20,
    "fields": {
      "accesorio": "81. Cabina",
      "existe": false,
      "observacion": null,
      "codigo": "CABI"
    }
  },
  {
    "model": "rcs.accesoriosbase",
    "pk": 21,
    "fields": {
      "accesorio": "82. Gato ",
      "existe": false,
      "observacion": null,
      "codigo": "GATO"
    }
  },
  {
    "model": "rcs.accesoriosbase",
    "pk": 22,
    "fields": {
      "accesorio": "83. Planta",
      "existe": false,
      "observacion": null,
      "codigo": "PLANT"
    }
  },
  {
    "model": "rcs.accesoriosbase",
    "pk": 23,
    "fields": {
      "accesorio": "84. Faros Especiales",
      "existe": false,
      "observacion": null,
      "codigo": "FAR_ESP"
    }
  },
  {
    "model": "rcs.accesoriosbase",
    "pk": 24,
    "fields": {
      "accesorio": "85. Anti-Robo",
      "existe": false,
      "observacion": null,
      "codigo": "ANT_ROB"
    }
  },
  {
    "model": "rcs.accesoriosbase",
    "pk": 25,
    "fields": {
      "accesorio": "86. Tranca Pedal",
      "existe": false,
      "observacion": null,
      "codigo": "TRAN_PED"
    }
  },
  {
    "model": "rcs.accesoriosbase",
    "pk": 26,
    "fields": {
      "accesorio": "87. Themo King",
      "existe": false,
      "observacion": null,
      "codigo": "THE_KING"
    }
  },
  {
    "model": "rcs.accesoriosbase",
    "pk": 27,
    "fields": {
      "accesorio": "88. Otro ",
      "existe": false,
      "observacion": null,
      "codigo": "OTRO1"
    }
  },
  {
    "model": "rcs.accesoriosbase",
    "pk": 28,
    "fields": {
      "accesorio": "89. Cortacorreinte",
      "existe": false,
      "observacion": null,
      "codigo": "CORT_COR"
    }
  },
  {
    "model": "rcs.accesoriosbase",
    "pk": 29,
    "fields": {
      "accesorio": "90. Tranca Palanca",
      "existe": false,
      "observacion": null,
      "codigo": "TRANC_PALNC"
    }
  },
  {
    "model": "rcs.accesoriosbase",
    "pk": 30,
    "fields": {
      "accesorio": "91. Otro ",
      "existe": false,
      "observacion": null,
      "codigo": "OTRO2"
    }
  },
  {
    "model": "rcs.accesoriosvehiculo",
    "pk": 31,
    "fields": {
      "accesorio": "62. Radio / Antena  ",
      "existe": true,
      "observacion": "qweqwe",
      "codigo": "RADIO_ANT_1"
    }
  },
  {
    "model": "rcs.accesoriosvehiculo",
    "pk": 32,
    "fields": {
      "accesorio": "63. Foco De Posicion",
      "existe": false,
      "observacion": "qweqweaaaa",
      "codigo": "FOC_POS_1"
    }
  },
  {
    "model": "rcs.accesoriosvehiculo",
    "pk": 33,
    "fields": {
      "accesorio": "64. Rines Especiales",
      "existe": true,
      "observacion": "",
      "codigo": "RIN_ESP_1"
    }
  },
  {
    "model": "rcs.accesoriosvehiculo",
    "pk": 34,
    "fields": {
      "accesorio": "65. Radio Reproductor",
      "existe": true,
      "observacion": "",
      "codigo": "RAD_REP_1"
    }
  },
  {
    "model": "rcs.accesoriosvehiculo",
    "pk": 35,
    "fields": {
      "accesorio": "66. Aire Acondicionado",
      "existe": false,
      "observacion": "",
      "codigo": "AIR_ACON_1"
    }
  },
  {
    "model": "rcs.accesoriosvehiculo",
    "pk": 36,
    "fields": {
      "accesorio": "67. Caucho Respuesto",
      "existe": true,
      "observacion": "",
      "codigo": "CAUC_RESP_1"
    }
  },
  {
    "model": "rcs.accesoriosvehiculo",
    "pk": 37,
    "fields": {
      "accesorio": "68. Reproductor de Antena",
      "existe": true,
      "observacion": "",
      "codigo": "REP_ANT_1"
    }
  },
  {
    "model": "rcs.accesoriosvehiculo",
    "pk": 38,
    "fields": {
      "accesorio": "69. Spoiler ",
      "existe": false,
      "observacion": "",
      "codigo": "SPOIL_1"
    }
  },
  {
    "model": "rcs.accesoriosvehiculo",
    "pk": 39,
    "fields": {
      "accesorio": "70. Parachoque Espec. (Mataburro)",
      "existe": true,
      "observacion": "",
      "codigo": "PAR_ESP_1"
    }
  },
  {
    "model": "rcs.accesoriosvehiculo",
    "pk": 40,
    "fields": {
      "accesorio": "71. Cornetas Especiales ",
      "existe": true,
      "observacion": "",
      "codigo": "CORN_ESP_1"
    }
  },
  {
    "model": "rcs.accesoriosvehiculo",
    "pk": 41,
    "fields": {
      "accesorio": "72. Llave De Cruz ",
      "existe": false,
      "observacion": "aaa",
      "codigo": "LLAV_CRUZ_1"
    }
  },
  {
    "model": "rcs.accesoriosvehiculo",
    "pk": 42,
    "fields": {
      "accesorio": "73. Rayas Decativas",
      "existe": true,
      "observacion": "asa",
      "codigo": "RAY_DEC_1"
    }
  },
  {
    "model": "rcs.accesoriosvehiculo",
    "pk": 43,
    "fields": {
      "accesorio": "74. Compact Disc",
      "existe": true,
      "observacion": "aa",
      "codigo": "COMP_DISC_1"
    }
  },
  {
    "model": "rcs.accesoriosvehiculo",
    "pk": 44,
    "fields": {
      "accesorio": "75. Triangulo De Seguridad",
      "existe": false,
      "observacion": "aa",
      "codigo": "TRI_SEG_1"
    }
  },
  {
    "model": "rcs.accesoriosvehiculo",
    "pk": 45,
    "fields": {
      "accesorio": "76. Tazas De Los Cauchos ",
      "existe": true,
      "observacion": "cas",
      "codigo": "TAZ_CAUCH_1"
    }
  },
  {
    "model": "rcs.accesoriosvehiculo",
    "pk": 46,
    "fields": {
      "accesorio": "77. Ecualizados",
      "existe": true,
      "observacion": "ccc",
      "codigo": "ECUAL_1"
    }
  },
  {
    "model": "rcs.accesoriosvehiculo",
    "pk": 47,
    "fields": {
      "accesorio": "78. Parrilla Techo",
      "existe": false,
      "observacion": "qwe",
      "codigo": "PARR_TECH_1"
    }
  },
  {
    "model": "rcs.accesoriosvehiculo",
    "pk": 48,
    "fields": {
      "accesorio": "79. Volante Especial",
      "existe": false,
      "observacion": "ccc",
      "codigo": "VOL_ESP_1"
    }
  },
  {
    "model": "rcs.accesoriosvehiculo",
    "pk": 49,
    "fields": {
      "accesorio": "80. Televizor",
      "existe": true,
      "observacion": "asd",
      "codigo": "TV_1"
    }
  },
  {
    "model": "rcs.accesoriosvehiculo",
    "pk": 50,
    "fields": {
      "accesorio": "81. Cabina",
      "existe": false,
      "observacion": "asd",
      "codigo": "CABI_1"
    }
  },
  {
    "model": "rcs.accesoriosvehiculo",
    "pk": 51,
    "fields": {
      "accesorio": "82. Gato ",
      "existe": true,
      "observacion": "aaa",
      "codigo": "GATO_1"
    }
  },
  {
    "model": "rcs.accesoriosvehiculo",
    "pk": 52,
    "fields": {
      "accesorio": "83. Planta",
      "existe": true,
      "observacion": "",
      "codigo": "PLANT_1"
    }
  },
  {
    "model": "rcs.accesoriosvehiculo",
    "pk": 53,
    "fields": {
      "accesorio": "84. Faros Especiales",
      "existe": false,
      "observacion": "asd",
      "codigo": "FAR_ESP_1"
    }
  },
  {
    "model": "rcs.accesoriosvehiculo",
    "pk": 54,
    "fields": {
      "accesorio": "85. Anti-Robo",
      "existe": true,
      "observacion": "aaa",
      "codigo": "ANT_ROB_1"
    }
  },
  {
    "model": "rcs.accesoriosvehiculo",
    "pk": 55,
    "fields": {
      "accesorio": "86. Tranca Pedal",
      "existe": true,
      "observacion": "",
      "codigo": "TRAN_PED_1"
    }
  },
  {
    "model": "rcs.accesoriosvehiculo",
    "pk": 56,
    "fields": {
      "accesorio": "87. Themo King",
      "existe": false,
      "observacion": "",
      "codigo": "THE_KING_1"
    }
  },
  {
    "model": "rcs.accesoriosvehiculo",
    "pk": 57,
    "fields": {
      "accesorio": "88. Otro ",
      "existe": true,
      "observacion": "fff",
      "codigo": "OTRO1_1"
    }
  },
  {
    "model": "rcs.accesoriosvehiculo",
    "pk": 58,
    "fields": {
      "accesorio": "89. Cortacorreinte",
      "existe": false,
      "observacion": "asdasd",
      "codigo": "CORT_COR_1"
    }
  },
  {
    "model": "rcs.accesoriosvehiculo",
    "pk": 59,
    "fields": {
      "accesorio": "90. Tranca Palanca",
      "existe": false,
      "observacion": "asdasd",
      "codigo": "TRANC_PALNC_1"
    }
  },
  {
    "model": "rcs.accesoriosvehiculo",
    "pk": 60,
    "fields": {
      "accesorio": "62. Radio / Antena  ",
      "existe": false,
      "observacion": "123123",
      "codigo": "RADIO_ANT_4"
    }
  },
  {
    "model": "rcs.accesoriosvehiculo",
    "pk": 61,
    "fields": {
      "accesorio": "63. Foco De Posicion",
      "existe": false,
      "observacion": "",
      "codigo": "FOC_POS_4"
    }
  },
  {
    "model": "rcs.accesoriosvehiculo",
    "pk": 62,
    "fields": {
      "accesorio": "64. Rines Especiales",
      "existe": false,
      "observacion": "",
      "codigo": "RIN_ESP_4"
    }
  },
  {
    "model": "rcs.accesoriosvehiculo",
    "pk": 63,
    "fields": {
      "accesorio": "65. Radio Reproductor",
      "existe": false,
      "observacion": "",
      "codigo": "RAD_REP_4"
    }
  },
  {
    "model": "rcs.accesoriosvehiculo",
    "pk": 64,
    "fields": {
      "accesorio": "66. Aire Acondicionado",
      "existe": false,
      "observacion": "",
      "codigo": "AIR_ACON_4"
    }
  },
  {
    "model": "rcs.accesoriosvehiculo",
    "pk": 65,
    "fields": {
      "accesorio": "67. Caucho Respuesto",
      "existe": false,
      "observacion": "",
      "codigo": "CAUC_RESP_4"
    }
  },
  {
    "model": "rcs.accesoriosvehiculo",
    "pk": 66,
    "fields": {
      "accesorio": "68. Reproductor de Antena",
      "existe": false,
      "observacion": "",
      "codigo": "REP_ANT_4"
    }
  },
  {
    "model": "rcs.accesoriosvehiculo",
    "pk": 67,
    "fields": {
      "accesorio": "69. Spoiler ",
      "existe": false,
      "observacion": "",
      "codigo": "SPOIL_4"
    }
  },
  {
    "model": "rcs.accesoriosvehiculo",
    "pk": 68,
    "fields": {
      "accesorio": "70. Parachoque Espec. (Mataburro)",
      "existe": false,
      "observacion": "",
      "codigo": "PAR_ESP_4"
    }
  },
  {
    "model": "rcs.accesoriosvehiculo",
    "pk": 69,
    "fields": {
      "accesorio": "71. Cornetas Especiales ",
      "existe": false,
      "observacion": "a",
      "codigo": "CORN_ESP_4"
    }
  },
  {
    "model": "rcs.accesoriosvehiculo",
    "pk": 70,
    "fields": {
      "accesorio": "72. Llave De Cruz ",
      "existe": false,
      "observacion": "",
      "codigo": "LLAV_CRUZ_4"
    }
  },
  {
    "model": "rcs.accesoriosvehiculo",
    "pk": 71,
    "fields": {
      "accesorio": "73. Rayas Decativas",
      "existe": false,
      "observacion": "",
      "codigo": "RAY_DEC_4"
    }
  },
  {
    "model": "rcs.accesoriosvehiculo",
    "pk": 72,
    "fields": {
      "accesorio": "74. Compact Disc",
      "existe": false,
      "observacion": "",
      "codigo": "COMP_DISC_4"
    }
  },
  {
    "model": "rcs.accesoriosvehiculo",
    "pk": 73,
    "fields": {
      "accesorio": "75. Triangulo De Seguridad",
      "existe": false,
      "observacion": "asd",
      "codigo": "TRI_SEG_4"
    }
  },
  {
    "model": "rcs.accesoriosvehiculo",
    "pk": 74,
    "fields": {
      "accesorio": "76. Tazas De Los Cauchos ",
      "existe": false,
      "observacion": "",
      "codigo": "TAZ_CAUCH_4"
    }
  },
  {
    "model": "rcs.accesoriosvehiculo",
    "pk": 75,
    "fields": {
      "accesorio": "77. Ecualizados",
      "existe": false,
      "observacion": "a",
      "codigo": "ECUAL_4"
    }
  },
  {
    "model": "rcs.accesoriosvehiculo",
    "pk": 76,
    "fields": {
      "accesorio": "78. Parrilla Techo",
      "existe": false,
      "observacion": "as",
      "codigo": "PARR_TECH_4"
    }
  },
  {
    "model": "rcs.accesoriosvehiculo",
    "pk": 77,
    "fields": {
      "accesorio": "79. Volante Especial",
      "existe": false,
      "observacion": "",
      "codigo": "VOL_ESP_4"
    }
  },
  {
    "model": "rcs.accesoriosvehiculo",
    "pk": 78,
    "fields": {
      "accesorio": "80. Televizor",
      "existe": false,
      "observacion": "a",
      "codigo": "TV_4"
    }
  },
  {
    "model": "rcs.accesoriosvehiculo",
    "pk": 79,
    "fields": {
      "accesorio": "81. Cabina",
      "existe": false,
      "observacion": "",
      "codigo": "CABI_4"
    }
  },
  {
    "model": "rcs.accesoriosvehiculo",
    "pk": 80,
    "fields": {
      "accesorio": "82. Gato ",
      "existe": false,
      "observacion": "",
      "codigo": "GATO_4"
    }
  },
  {
    "model": "rcs.accesoriosvehiculo",
    "pk": 81,
    "fields": {
      "accesorio": "83. Planta",
      "existe": false,
      "observacion": "",
      "codigo": "PLANT_4"
    }
  },
  {
    "model": "rcs.accesoriosvehiculo",
    "pk": 82,
    "fields": {
      "accesorio": "84. Faros Especiales",
      "existe": false,
      "observacion": "dasa",
      "codigo": "FAR_ESP_4"
    }
  },
  {
    "model": "rcs.accesoriosvehiculo",
    "pk": 83,
    "fields": {
      "accesorio": "85. Anti-Robo",
      "existe": false,
      "observacion": "",
      "codigo": "ANT_ROB_4"
    }
  },
  {
    "model": "rcs.accesoriosvehiculo",
    "pk": 84,
    "fields": {
      "accesorio": "86. Tranca Pedal",
      "existe": false,
      "observacion": "",
      "codigo": "TRAN_PED_4"
    }
  },
  {
    "model": "rcs.accesoriosvehiculo",
    "pk": 85,
    "fields": {
      "accesorio": "87. Themo King",
      "existe": false,
      "observacion": "",
      "codigo": "THE_KING_4"
    }
  },
  {
    "model": "rcs.accesoriosvehiculo",
    "pk": 86,
    "fields": {
      "accesorio": "88. Otro ",
      "existe": false,
      "observacion": "123",
      "codigo": "OTRO1_4"
    }
  },
  {
    "model": "rcs.accesoriosvehiculo",
    "pk": 87,
    "fields": {
      "accesorio": "89. Cortacorreinte",
      "existe": false,
      "observacion": "",
      "codigo": "CORT_COR_4"
    }
  },
  {
    "model": "rcs.accesoriosvehiculo",
    "pk": 88,
    "fields": {
      "accesorio": "90. Tranca Palanca",
      "existe": false,
      "observacion": "",
      "codigo": "TRANC_PALNC_4"
    }
  },
  {
    "model": "rcs.accesoriosvehiculo",
    "pk": 89,
    "fields": {
      "accesorio": "91. Otro ",
      "existe": false,
      "observacion": "11",
      "codigo": "OTRO2_4"
    }
  },
  {
    "model": "rcs.detallesdatos",
    "pk": 1,
    "fields": {
      "pieza": "92. Pieza",
      "tipo_dano": null,
      "costo_aproximado": null,
      "codigo": "PIEZA"
    }
  },
  {
    "model": "rcs.detallesdatos",
    "pk": 2,
    "fields": {
      "pieza": "93. Tipo de Daño",
      "tipo_dano": null,
      "costo_aproximado": null,
      "codigo": "TIP_DAM"
    }
  },
  {
    "model": "rcs.detallesdatos",
    "pk": 3,
    "fields": {
      "pieza": "94. Costo Aprox.",
      "tipo_dano": null,
      "costo_aproximado": null,
      "codigo": "COST_APRX"
    }
  },
  {
    "model": "rcs.detallesdatos",
    "pk": 4,
    "fields": {
      "pieza": "la pieza",
      "tipo_dano": "se daño",
      "costo_aproximado": "93010.00",
      "codigo": "111111"
    }
  },
  {
    "model": "rcs.detallesdatos",
    "pk": 5,
    "fields": {
      "pieza": "la otra pieza ",
      "tipo_dano": "oaoaoaoa ",
      "costo_aproximado": "210922.00",
      "codigo": "222222"
    }
  },
  {
    "model": "rcs.detallesdatos",
    "pk": 6,
    "fields": {
      "pieza": "ajajjaja quwe",
      "tipo_dano": "iquweoiuqwoeiu ansanun",
      "costo_aproximado": "2398019.00",
      "codigo": "3333"
    }
  },
  {
    "model": "rcs.detallesdatos",
    "pk": 9,
    "fields": {
      "pieza": "Piecilla ",
      "tipo_dano": "Piecilla rota ",
      "costo_aproximado": "1092830.00",
      "codigo": "312312"
    }
  },
  {
    "model": "rcs.detallesdatos",
    "pk": 10,
    "fields": {
      "pieza": "asdk akosd kpaok ",
      "tipo_dano": "pokapsodk poaksdpo ",
      "costo_aproximado": "10239091.00",
      "codigo": "10918"
    }
  },
  {
    "model": "rcs.detallesdatos",
    "pk": 11,
    "fields": {
      "pieza": "p1",
      "tipo_dano": "t1",
      "costo_aproximado": "109810.00",
      "codigo": "1"
    }
  },
  {
    "model": "rcs.detallesdatos",
    "pk": 12,
    "fields": {
      "pieza": "p2",
      "tipo_dano": "t2",
      "costo_aproximado": "1980.00",
      "codigo": "2"
    }
  },
  {
    "model": "rcs.detallesdatos",
    "pk": 14,
    "fields": {
      "pieza": "asd",
      "tipo_dano": "asdasd",
      "costo_aproximado": "14123.00",
      "codigo": "22"
    }
  },
  {
    "model": "rcs.detallesdatos",
    "pk": 15,
    "fields": {
      "pieza": "asd",
      "tipo_dano": "asdasd",
      "costo_aproximado": "140.00",
      "codigo": "22122"
    }
  },
  {
    "model": "rcs.detallesdatos",
    "pk": 16,
    "fields": {
      "pieza": "asd",
      "tipo_dano": "asdasd",
      "costo_aproximado": "123.00",
      "codigo": "22122123123"
    }
  },
  {
    "model": "rcs.detallesdatos",
    "pk": 23,
    "fields": {
      "pieza": "asd",
      "tipo_dano": "asdasd",
      "costo_aproximado": "12.00",
      "codigo": "221221231232"
    }
  },
  {
    "model": "rcs.detallesdatos",
    "pk": 31,
    "fields": {
      "pieza": "09810923990I09S",
      "tipo_dano": "90IQW90E901I9019082",
      "costo_aproximado": "1239087129837.00",
      "codigo": "CDGOIASD"
    }
  },
  {
    "model": "rcs.detallesdatos",
    "pk": 32,
    "fields": {
      "pieza": "0983909d9",
      "tipo_dano": "09ud09j902u90",
      "costo_aproximado": "99090818818.00",
      "codigo": "CDGOIASD1"
    }
  },
  {
    "model": "rcs.detallesdatos",
    "pk": 33,
    "fields": {
      "pieza": "1",
      "tipo_dano": "1",
      "costo_aproximado": "1.00",
      "codigo": "CDGOIASD12"
    }
  },
  {
    "model": "rcs.documentospresentadosbase",
    "pk": 1,
    "fields": {
      "nombre": "95. Registro Automotor Permanente (R.P.A)",
      "recibido": false,
      "codigo": "RAP"
    }
  },
  {
    "model": "rcs.documentospresentadosbase",
    "pk": 2,
    "fields": {
      "nombre": "96. Carnet De Circulacion",
      "recibido": false,
      "codigo": "CAR_CIRC"
    }
  },
  {
    "model": "rcs.documentospresentadosbase",
    "pk": 3,
    "fields": {
      "nombre": "97. Documento De Propiedad (Original/Copia)",
      "recibido": false,
      "codigo": "DOC_PRO"
    }
  },
  {
    "model": "rcs.documentospresentadosbase",
    "pk": 4,
    "fields": {
      "nombre": "98. Facutura De Compra",
      "recibido": false,
      "codigo": "FACT_COMP"
    }
  },
  {
    "model": "rcs.documentospresentadosbase",
    "pk": 5,
    "fields": {
      "nombre": "99. Planilla Del Senial De Exoneracion De Impuestos",
      "recibido": false,
      "codigo": "PLA_SEN_EX"
    }
  },
  {
    "model": "rcs.documentospresentadosbase",
    "pk": 6,
    "fields": {
      "nombre": "100. Certificado De Origen",
      "recibido": false,
      "codigo": "CERT_ORI"
    }
  },
  {
    "model": "rcs.documentospresentados",
    "pk": 7,
    "fields": {
      "nombre": "95. Registro Automotor Permanente (R.P.A)",
      "recibido": false,
      "codigo": "RAP_4"
    }
  },
  {
    "model": "rcs.documentospresentados",
    "pk": 8,
    "fields": {
      "nombre": "96. Carnet De Circulacion",
      "recibido": false,
      "codigo": "CAR_CIRC_4"
    }
  },
  {
    "model": "rcs.documentospresentados",
    "pk": 9,
    "fields": {
      "nombre": "97. Documento De Propiedad (Original/Copia)",
      "recibido": true,
      "codigo": "DOC_PRO_4"
    }
  },
  {
    "model": "rcs.documentospresentados",
    "pk": 10,
    "fields": {
      "nombre": "98. Facutura De Compra",
      "recibido": true,
      "codigo": "FACT_COMP_4"
    }
  },
  {
    "model": "rcs.documentospresentados",
    "pk": 11,
    "fields": {
      "nombre": "99. Planilla Del Senial De Exoneracion De Impuestos",
      "recibido": true,
      "codigo": "PLA_SEN_EX_4"
    }
  },
  {
    "model": "rcs.documentospresentados",
    "pk": 12,
    "fields": {
      "nombre": "100. Certificado De Origen",
      "recibido": true,
      "codigo": "CERT_ORI_4"
    }
  },
  {
    "model": "rcs.documentospresentados",
    "pk": 13,
    "fields": {
      "nombre": "95. Registro Automotor Permanente (R.P.A)",
      "recibido": false,
      "codigo": "RAP_1"
    }
  },
  {
    "model": "rcs.documentospresentados",
    "pk": 14,
    "fields": {
      "nombre": "96. Carnet De Circulacion",
      "recibido": false,
      "codigo": "CAR_CIRC_1"
    }
  },
  {
    "model": "rcs.documentospresentados",
    "pk": 15,
    "fields": {
      "nombre": "97. Documento De Propiedad (Original/Copia)",
      "recibido": false,
      "codigo": "DOC_PRO_1"
    }
  },
  {
    "model": "rcs.documentospresentados",
    "pk": 16,
    "fields": {
      "nombre": "98. Facutura De Compra",
      "recibido": false,
      "codigo": "FACT_COMP_1"
    }
  },
  {
    "model": "rcs.documentospresentados",
    "pk": 17,
    "fields": {
      "nombre": "99. Planilla Del Senial De Exoneracion De Impuestos",
      "recibido": false,
      "codigo": "PLA_SEN_EX_1"
    }
  },
  {
    "model": "rcs.documentospresentados",
    "pk": 18,
    "fields": {
      "nombre": "100. Certificado De Origen",
      "recibido": true,
      "codigo": "CERT_ORI_1"
    }
  },
  {
    "model": "rcs.documentospresentados",
    "pk": 19,
    "fields": {
      "nombre": "96. Carnet De Circulacion",
      "recibido": true,
      "codigo": "CAR_CIRC_3"
    }
  },
  {
    "model": "rcs.documentospresentados",
    "pk": 20,
    "fields": {
      "nombre": "97. Documento De Propiedad (Original/Copia)",
      "recibido": false,
      "codigo": "DOC_PRO_3"
    }
  },
  {
    "model": "rcs.documentospresentados",
    "pk": 21,
    "fields": {
      "nombre": "98. Facutura De Compra",
      "recibido": true,
      "codigo": "FACT_COMP_3"
    }
  },
  {
    "model": "rcs.documentospresentados",
    "pk": 22,
    "fields": {
      "nombre": "99. Planilla Del Senial De Exoneracion De Impuestos",
      "recibido": false,
      "codigo": "PLA_SEN_EX_3"
    }
  },
  {
    "model": "rcs.documentospresentados",
    "pk": 23,
    "fields": {
      "nombre": "100. Certificado De Origen",
      "recibido": false,
      "codigo": "CERT_ORI_3"
    }
  },
  {
    "model": "rcs.documentospresentados",
    "pk": 24,
    "fields": {
      "nombre": "95. Registro Automotor Permanente (R.P.A)",
      "recibido": true,
      "codigo": "RAP_3"
    }
  },
  {
    "model": "rcs.titularvehiculo",
    "pk": 1,
    "fields": {
      "nombre": "Emilia",
      "apellido": "Klark",
      "cedula": "1923801",
      "telefono": "04243724667"
    }
  },
  {
    "model": "rcs.titularvehiculo",
    "pk": 3,
    "fields": {
      "nombre": "Alan Bran",
      "apellido": "Brito Pastora",
      "cedula": "12312312",
      "telefono": "0242319238"
    }
  },
  {
    "model": "rcs.titularvehiculo",
    "pk": 4,
    "fields": {
      "nombre": "Leonardo",
      "apellido": "Caballero",
      "cedula": "10971023",
      "telefono": "0120301923"
    }
  },
  {
    "model": "rcs.titularvehiculo",
    "pk": 5,
    "fields": {
      "nombre": "Meredi ",
      "apellido": "Minerva ",
      "cedula": "64986928",
      "telefono": "9819791827"
    }
  },
  {
    "model": "rcs.trajovehiculo",
    "pk": 1,
    "fields": {
      "nombre": "Quiern trajo ",
      "apellido": "el vehiculo",
      "cedula": "10283018",
      "parentesco": "Soy tu padre"
    }
  },
  {
    "model": "rcs.vehiculo",
    "pk": 1,
    "fields": {
      "placa": "07102937097",
      "fk_titular_vehiculo": 1,
      "cap_puestos": 16,
      "cilindros": "13",
      "peso": "1231.00",
      "color": "rojo",
      "kilometraje": "0",
      "serial_carroceria": "1239j92j91j3",
      "serial_motor": "ksda91k9",
      "valor_estimado": "190122.00",
      "modelo": "102093akkss",
      "marca": "cmoasm",
      "fk_inspector": 5,
      "fk_tipo_vehiculo": 2,
      "fk_tipo_manejo": 2,
      "anho": 123,
      "condiciones_generales_vehiculo": [
        269,
        270,
        271,
        272,
        273,
        274,
        275,
        276,
        277,
        278,
        279,
        280,
        281,
        282,
        283,
        284,
        285,
        286,
        287,
        288,
        289,
        290,
        291,
        292,
        293,
        294,
        295,
        296,
        297,
        298,
        299,
        300,
        301
      ],
      "mecanica_vehiculo": [
        7,
        8,
        9,
        10
      ],
      "accesorios_vehiculo": [
        31,
        32,
        33,
        34,
        35,
        36,
        37,
        38,
        39,
        40,
        41,
        42,
        43,
        44,
        45,
        46,
        47,
        48,
        49,
        50,
        51,
        52,
        53,
        54,
        55,
        56,
        57,
        58,
        59
      ],
      "detalles_datos": [
        31,
        32,
        33
      ],
      "documentos_presentados": [
        13,
        14,
        15,
        16,
        17,
        18
      ]
    }
  },
  {
    "model": "rcs.vehiculo",
    "pk": 3,
    "fields": {
      "placa": "E141232",
      "fk_titular_vehiculo": 3,
      "cap_puestos": null,
      "cilindros": null,
      "peso": null,
      "color": null,
      "kilometraje": null,
      "serial_carroceria": null,
      "serial_motor": null,
      "valor_estimado": null,
      "modelo": null,
      "marca": null,
      "fk_inspector": null,
      "fk_tipo_vehiculo": null,
      "fk_tipo_manejo": null,
      "anho": null,
      "condiciones_generales_vehiculo": [],
      "mecanica_vehiculo": [],
      "accesorios_vehiculo": [],
      "detalles_datos": [],
      "documentos_presentados": [
        19,
        20,
        21,
        22,
        23,
        24
      ]
    }
  },
  {
    "model": "rcs.vehiculo",
    "pk": 4,
    "fields": {
      "placa": "RRECESA2",
      "fk_titular_vehiculo": 4,
      "cap_puestos": 8,
      "cilindros": "0918",
      "peso": "9189800.00",
      "color": "rosado",
      "kilometraje": "98",
      "serial_carroceria": "aiuja919",
      "serial_motor": "ERAND123",
      "valor_estimado": "900000.00",
      "modelo": "eds1",
      "marca": "toyora",
      "fk_inspector": 5,
      "fk_tipo_vehiculo": 1,
      "fk_tipo_manejo": 1,
      "anho": 2017,
      "condiciones_generales_vehiculo": [
        302,
        303,
        304,
        305,
        306,
        307,
        308,
        309,
        310,
        311,
        312,
        313,
        314,
        315,
        316,
        317,
        318,
        319,
        320,
        321,
        322,
        323,
        324,
        325,
        326,
        327,
        328,
        329,
        330,
        331,
        332,
        333
      ],
      "mecanica_vehiculo": [
        11,
        12,
        13,
        14
      ],
      "accesorios_vehiculo": [
        60,
        61,
        62,
        63,
        64,
        65,
        66,
        67,
        68,
        69,
        70,
        71,
        72,
        73,
        74,
        75,
        76,
        77,
        78,
        79,
        80,
        81,
        82,
        83,
        84,
        85,
        86,
        87,
        88,
        89
      ],
      "detalles_datos": [
        11,
        12
      ],
      "documentos_presentados": [
        7,
        8,
        9,
        10,
        11,
        12
      ]
    }
  },
  {
    "model": "rcs.vehiculo",
    "pk": 5,
    "fields": {
      "placa": "019019019",
      "fk_titular_vehiculo": 5,
      "cap_puestos": null,
      "cilindros": null,
      "peso": null,
      "color": null,
      "kilometraje": null,
      "serial_carroceria": null,
      "serial_motor": null,
      "valor_estimado": null,
      "modelo": null,
      "marca": null,
      "fk_inspector": null,
      "fk_tipo_vehiculo": null,
      "fk_tipo_manejo": null,
      "anho": null,
      "condiciones_generales_vehiculo": [],
      "mecanica_vehiculo": [],
      "accesorios_vehiculo": [],
      "detalles_datos": [
        23
      ],
      "documentos_presentados": []
    }
  },
  {
    "model": "rcs.motivosolicitud",
    "pk": 1,
    "fields": {
      "motivo": "Cobertura Amplia",
      "codigo": "COB_AMP"
    }
  },
  {
    "model": "rcs.motivosolicitud",
    "pk": 2,
    "fields": {
      "motivo": "Perdida Total",
      "codigo": "PERD_TOT"
    }
  },
  {
    "model": "rcs.motivosolicitud",
    "pk": 3,
    "fields": {
      "motivo": "Inclusion del Casco",
      "codigo": "INCL_CAS"
    }
  },
  {
    "model": "rcs.motivosolicitud",
    "pk": 4,
    "fields": {
      "motivo": "Reparacion",
      "codigo": "REP"
    }
  },
  {
    "model": "rcs.motivosolicitud",
    "pk": 5,
    "fields": {
      "motivo": "Aumento de la suma asegurada",
      "codigo": "AUM_SUM_ASEG"
    }
  },
  {
    "model": "rcs.motivosolicitud",
    "pk": 6,
    "fields": {
      "motivo": "Plazo de gracia vencido",
      "codigo": "PLA_GRA_VENC"
    }
  },
  {
    "model": "rcs.motivosolicitud",
    "pk": 7,
    "fields": {
      "motivo": "Inclusion de accesorios",
      "codigo": "INCL_ACCS"
    }
  },
  {
    "model": "rcs.motivosolicitud",
    "pk": 8,
    "fields": {
      "motivo": "Cambio de vehiculo",
      "codigo": "CAMB_VEHI"
    }
  },
  {
    "model": "rcs.solicitudinspeccion",
    "pk": 1,
    "fields": {
      "fk_vehiculo": 1,
      "fk_titular_vehiculo": 1,
      "fk_inspector": 5,
      "siendo_verificada": null,
      "fecha_creacion": "2017-05-13T18:53:06.968Z",
      "fk_estado_solicitud": 3,
      "fk_motivo_solicitud": 1,
      "observaciones": null,
      "ruta": "240b-73e2-8cb5-7c51-5c55-ba25-88d0-92ba-4ed1-a905/07102937097/inspeccionplaca07102937097.pdf"
    }
  },
  {
    "model": "rcs.solicitudinspeccion",
    "pk": 4,
    "fields": {
      "fk_vehiculo": 3,
      "fk_titular_vehiculo": 3,
      "fk_inspector": null,
      "siendo_verificada": null,
      "fecha_creacion": "2017-05-04T08:10:32.871Z",
      "fk_estado_solicitud": 1,
      "fk_motivo_solicitud": 1,
      "observaciones": null,
      "ruta": ""
    }
  },
  {
    "model": "rcs.solicitudinspeccion",
    "pk": 5,
    "fields": {
      "fk_vehiculo": 4,
      "fk_titular_vehiculo": 4,
      "fk_inspector": 5,
      "siendo_verificada": null,
      "fecha_creacion": "2017-05-14T02:56:46.808Z",
      "fk_estado_solicitud": 2,
      "fk_motivo_solicitud": 1,
      "observaciones": null,
      "ruta": "d67a-0396-ab81-9562-4b51-2ffe-0882-096a-bab3-a1d0/RRECESA2/inspeccionplacarrecesa2.pdf"
    }
  },
  {
    "model": "rcs.solicitudinspeccion",
    "pk": 6,
    "fields": {
      "fk_vehiculo": 5,
      "fk_titular_vehiculo": 5,
      "fk_inspector": null,
      "siendo_verificada": null,
      "fecha_creacion": "2017-05-11T06:03:07.339Z",
      "fk_estado_solicitud": 1,
      "fk_motivo_solicitud": 1,
      "observaciones": null,
      "ruta": ""
    }
  }
]