[{"model": "registro.tipousuario", "pk": 1, "fields": {"nombre": "INSPECTOR", "descripcion": "EL USUARIO ENCARGADO DEL PERITAJE ", "codigo": "INSP"}}, {"model": "registro.tipousuario", "pk": 2, "fields": {"nombre": "TAQUILLA", "descripcion": "EL USUARIO ENCARGADO EN GENERAR LOS TICKETS DE INSPECCION", "codigo": "TAQ"}}, {"model": "registro.tipousuario", "pk": 3, "fields": {"nombre": "ADMINISTRADOR", "descripcion": "EL USUARIO ADMINISTRADOR QUE SE ENCARGA DE ADMINISTRAR USUARIOS, CLIENTES,ETC", "codigo": "ADM"}}, {"model": "registro.status", "pk": 1, "fields": {"nombre": "ACTIVO", "codigo": "ACT", "descripcion": "EL USUARIO SE ENCUENTRA ACTIVO EN EL SISTEMA"}}, {"model": "registro.status", "pk": 2, "fields": {"nombre": "BLOQUEADO", "codigo": "BLOQ", "descripcion": "EL USUARIO SE ENCUENTRA BLOQUEADO EN EL SISTEMA"}}, {"model": "registro.status", "pk": 3, "fields": {"nombre": "INACTIVO", "codigo": "INACT", "descripcion": "EL USUARIO SE ENCUENTRA INACTIVO EN EL SISTEMA"}}, {"model": "registro.usuario", "pk": 1, "fields": {"password": "pbkdf2_sha256$30000$1rypOHhRo0Bc$sKodgM0pd4qLEoNPFY3JAd0MLe8IyNmuVR76kluWA/I=", "last_login": "2017-07-05T15:52:04.341Z", "username": "admin.admin", "fk_tipo_usuario": 3, "fk_status": 1, "nombre": "admin", "apellido": "admin", "cedula": "00000000", "correo_electronico": "admin.shsa@gmail.com", "intentos_login": 0, "is_active": true}}, {"model": "registro.usuario", "pk": 2, "fields": {"password": "pbkdf2_sha256$30000$1rypOHhRo0Bc$sKodgM0pd4qLEoNPFY3JAd0MLe8IyNmuVR76kluWA/I=", "last_login": "2017-07-06T03:31:31.676Z", "username": "mcinsp", "fk_tipo_usuario": 1, "fk_status": 1, "nombre": "MERCEDES CAROLINA", "apellido": "ARISMENDI", "cedula": "17293827", "correo_electronico": "usuario.ins.tesis@gmail.com", "intentos_login": 0, "is_active": true}}, {"model": "registro.usuario", "pk": 3, "fields": {"password": "pbkdf2_sha256$30000$5sWxFk72eHbP$LM7pkzBm6iJVjXtVbC949K50iBuCXJZ2GrWmuIRvFUY=", "last_login": "2017-07-04T09:27:29.607Z", "username": "egtaqu", "fk_tipo_usuario": 2, "fk_status": 1, "nombre": "EMILIO GERARDO", "apellido": "RAMIREZ RIVAS", "cedula": "1887263", "correo_electronico": "tesis.shsa@gmail.com", "intentos_login": 0, "is_active": true}}, {"model": "rcs.estadosolicitud", "pk": 1, "fields": {"nombre": "Abierta", "descripcion": "Solicitud en estado abierta, pendiente por inspeccionar el vehiculo", "codigo": "PEND_INSP"}}, {"model": "rcs.estadosolicitud", "pk": 2, "fields": {"nombre": "Por revisar", "descripcion": "Solicitud luego de ser inspeccionado el vehiculo, pendiente por gestionar", "codigo": "PEND_GEST"}}, {"model": "rcs.estadosolicitud", "pk": 3, "fields": {"nombre": "Cerrada", "descripcion": "Solicitud en estado cerrada, luego de haber sido gestionada la solicitud", "codigo": "CERRADA"}}, {"model": "rcs.estadovehiculo", "pk": 1, "fields": {"nombre": "BUENO", "descripcion": "El vehiculo esta en buen estado ", "codigo": "B", "clase": null}}, {"model": "rcs.estadovehiculo", "pk": 2, "fields": {"nombre": "REGULAR", "descripcion": "El vehiculo esta en estado regular", "codigo": "R", "clase": null}}, {"model": "rcs.estadovehiculo", "pk": 3, "fields": {"nombre": "MALO", "descripcion": "El vehiculo esta en mal estado ", "codigo": "M", "clase": null}}, {"model": "rcs.tipovehiculo", "pk": 1, "fields": {"nombre": "Sedan", "codigo": "SED"}}, {"model": "rcs.tipovehiculo", "pk": 2, "fields": {"nombre": "Carga", "codigo": "CARG"}}, {"model": "rcs.tipovehiculo", "pk": 3, "fields": {"nombre": "Coupe", "codigo": "COUP"}}, {"model": "rcs.tipomanejo", "pk": 1, "fields": {"nombre": "Automatico", "codigo": "AUTO"}}, {"model": "rcs.tipomanejo", "pk": 2, "fields": {"nombre": "Sincronico", "codigo": "SINC"}}, {"model": "rcs.condicionesgeneralesbase", "pk": 1, "fields": {"parte": "23. Latoneria", "fk_estado_vehiculo": null, "observacion": null, "codigo": "LAT"}}, {"model": "rcs.condicionesgeneralesbase", "pk": 2, "fields": {"parte": "24. Planilla O Rejilla Frontal", "fk_estado_vehiculo": null, "observacion": null, "codigo": "PLA_REJ_FRO"}}, {"model": "rcs.condicionesgeneralesbase", "pk": 3, "fields": {"parte": "25. Techo ", "fk_estado_vehiculo": null, "observacion": null, "codigo": "TECH"}}, {"model": "rcs.condicionesgeneralesbase", "pk": 4, "fields": {"parte": "26. Pintura", "fk_estado_vehiculo": null, "observacion": null, "codigo": "PINT"}}, {"model": "rcs.condicionesgeneralesbase", "pk": 5, "fields": {"parte": "27. Sop O Focos Traseros", "fk_estado_vehiculo": null, "observacion": null, "codigo": "SOP_FOC_TRAS"}}, {"model": "rcs.condicionesgeneralesbase", "pk": 6, "fields": {"parte": "28. Compuesta Trasera", "fk_estado_vehiculo": null, "observacion": null, "codigo": "COMP_TRAS"}}, {"model": "rcs.condicionesgeneralesbase", "pk": 7, "fields": {"parte": "29. Tapiceria", "fk_estado_vehiculo": null, "observacion": null, "codigo": "TAPI"}}, {"model": "rcs.condicionesgeneralesbase", "pk": 8, "fields": {"parte": "30. Cocuyos Frontales", "fk_estado_vehiculo": null, "observacion": null, "codigo": "COC_FRON"}}, {"model": "rcs.condicionesgeneralesbase", "pk": 9, "fields": {"parte": "31. Parabrisas", "fk_estado_vehiculo": null, "observacion": null, "codigo": "PARABR"}}, {"model": "rcs.condicionesgeneralesbase", "pk": 10, "fields": {"parte": "32. Cauchos", "fk_estado_vehiculo": null, "observacion": null, "codigo": "CAUCH"}}, {"model": "rcs.condicionesgeneralesbase", "pk": 11, "fields": {"parte": "33. Retrovisor Interno", "fk_estado_vehiculo": null, "observacion": null, "codigo": "RET_INT"}}, {"model": "rcs.condicionesgeneralesbase", "pk": 12, "fields": {"parte": "34. Parachoques", "fk_estado_vehiculo": null, "observacion": null, "codigo": "PAR_CHOQ"}}, {"model": "rcs.condicionesgeneralesbase", "pk": 13, "fields": {"parte": "35. Platinas ", "fk_estado_vehiculo": null, "observacion": null, "codigo": "PLAT"}}, {"model": "rcs.condicionesgeneralesbase", "pk": 14, "fields": {"parte": "36. Manillas Y Cerraduras", "fk_estado_vehiculo": null, "observacion": null, "codigo": "MANI_CERR"}}, {"model": "rcs.condicionesgeneralesbase", "pk": 15, "fields": {"parte": "37. Cometa", "fk_estado_vehiculo": null, "observacion": null, "codigo": "COMT"}}, {"model": "rcs.condicionesgeneralesbase", "pk": 16, "fields": {"parte": "38. Tableros ", "fk_estado_vehiculo": null, "observacion": null, "codigo": "TAB"}}, {"model": "rcs.condicionesgeneralesbase", "pk": 17, "fields": {"parte": "39. Limpia Parabrisas", "fk_estado_vehiculo": null, "observacion": null, "codigo": "LIMP_PAR"}}, {"model": "rcs.condicionesgeneralesbase", "pk": 18, "fields": {"parte": "40. Butacas Y Asientos", "fk_estado_vehiculo": null, "observacion": null, "codigo": "BUT_ASI"}}, {"model": "rcs.condicionesgeneralesbase", "pk": 19, "fields": {"parte": "41. Faros Y Sus Aros", "fk_estado_vehiculo": null, "observacion": null, "codigo": "FAR_ARO"}}, {"model": "rcs.condicionesgeneralesbase", "pk": 20, "fields": {"parte": "42. Retrovisores Externos ", "fk_estado_vehiculo": null, "observacion": null, "codigo": "RET_EXT"}}, {"model": "rcs.condicionesgeneralesbase", "pk": 21, "fields": {"parte": "43. Volantes", "fk_estado_vehiculo": null, "observacion": null, "codigo": "VOL"}}, {"model": "rcs.condicionesgeneralesbase", "pk": 22, "fields": {"parte": "44. Emblema De Modelo", "fk_estado_vehiculo": null, "observacion": null, "codigo": "EMB_MOD"}}, {"model": "rcs.condicionesgeneralesbase", "pk": 23, "fields": {"parte": "45. Guardafangos ", "fk_estado_vehiculo": null, "observacion": null, "codigo": "GURD_FANG"}}, {"model": "rcs.condicionesgeneralesbase", "pk": 24, "fields": {"parte": "46. Cinturones De Seguridad", "fk_estado_vehiculo": null, "observacion": null, "codigo": "CINT_SEG"}}, {"model": "rcs.condicionesgeneralesbase", "pk": 25, "fields": {"parte": "47. Estribos", "fk_estado_vehiculo": null, "observacion": null, "codigo": "ESTR"}}, {"model": "rcs.condicionesgeneralesbase", "pk": 26, "fields": {"parte": "48. Puertas ", "fk_estado_vehiculo": null, "observacion": null, "codigo": "PUERT"}}, {"model": "rcs.condicionesgeneralesbase", "pk": 27, "fields": {"parte": "49. Ventanas", "fk_estado_vehiculo": null, "observacion": null, "codigo": "VENT"}}, {"model": "rcs.condicionesgeneralesbase", "pk": 28, "fields": {"parte": "50. Frontal", "fk_estado_vehiculo": null, "observacion": null, "codigo": "FRONT"}}, {"model": "rcs.condicionesgeneralesbase", "pk": 29, "fields": {"parte": "51. Capot ", "fk_estado_vehiculo": null, "observacion": null, "codigo": "CAPT"}}, {"model": "rcs.condicionesgeneralesbase", "pk": 30, "fields": {"parte": "52. Maleta Y Tapa Maleta", "fk_estado_vehiculo": null, "observacion": null, "codigo": "MALE_TAPA_MALE"}}, {"model": "rcs.condicionesgeneralesbase", "pk": 31, "fields": {"parte": "53. Modific. Del Modelo", "fk_estado_vehiculo": null, "observacion": null, "codigo": "MOD_MODELO"}}, {"model": "rcs.condicionesgeneralesbase", "pk": 32, "fields": {"parte": "54. Carter Trasero", "fk_estado_vehiculo": null, "observacion": null, "codigo": "CAR_TRAS"}}, {"model": "rcs.condicionesgeneralesbase", "pk": 33, "fields": {"parte": "55. Otro", "fk_estado_vehiculo": null, "observacion": null, "codigo": "OTRO"}}, {"model": "rcs.condicionesgeneralesvehiculo", "pk": 1, "fields": {"parte": "23. Latoneria", "fk_estado_vehiculo": 1, "observacion": "", "codigo": "LAT_6"}}, {"model": "rcs.condicionesgeneralesvehiculo", "pk": 2, "fields": {"parte": "24. Planilla O Rejilla Frontal", "fk_estado_vehiculo": 1, "observacion": "", "codigo": "PLA_REJ_FRO_6"}}, {"model": "rcs.condicionesgeneralesvehiculo", "pk": 3, "fields": {"parte": "25. Techo ", "fk_estado_vehiculo": 3, "observacion": "", "codigo": "TECH_6"}}, {"model": "rcs.condicionesgeneralesvehiculo", "pk": 4, "fields": {"parte": "26. Pintura", "fk_estado_vehiculo": 1, "observacion": "", "codigo": "PINT_6"}}, {"model": "rcs.condicionesgeneralesvehiculo", "pk": 5, "fields": {"parte": "27. Sop O Focos Traseros", "fk_estado_vehiculo": 3, "observacion": "", "codigo": "SOP_FOC_TRAS_6"}}, {"model": "rcs.condicionesgeneralesvehiculo", "pk": 6, "fields": {"parte": "28. Compuesta Trasera", "fk_estado_vehiculo": 1, "observacion": "", "codigo": "COMP_TRAS_6"}}, {"model": "rcs.condicionesgeneralesvehiculo", "pk": 7, "fields": {"parte": "29. Tapiceria", "fk_estado_vehiculo": 1, "observacion": "", "codigo": "TAPI_6"}}, {"model": "rcs.condicionesgeneralesvehiculo", "pk": 8, "fields": {"parte": "30. Cocuyos Frontales", "fk_estado_vehiculo": 1, "observacion": "", "codigo": "COC_FRON_6"}}, {"model": "rcs.condicionesgeneralesvehiculo", "pk": 9, "fields": {"parte": "31. Parabrisas", "fk_estado_vehiculo": 1, "observacion": "", "codigo": "PARABR_6"}}, {"model": "rcs.condicionesgeneralesvehiculo", "pk": 10, "fields": {"parte": "32. Cauchos", "fk_estado_vehiculo": 1, "observacion": "", "codigo": "CAUCH_6"}}, {"model": "rcs.condicionesgeneralesvehiculo", "pk": 11, "fields": {"parte": "33. Retrovisor Interno", "fk_estado_vehiculo": 3, "observacion": "", "codigo": "RET_INT_6"}}, {"model": "rcs.condicionesgeneralesvehiculo", "pk": 12, "fields": {"parte": "34. Parachoques", "fk_estado_vehiculo": 1, "observacion": "", "codigo": "PAR_CHOQ_6"}}, {"model": "rcs.condicionesgeneralesvehiculo", "pk": 13, "fields": {"parte": "35. Platinas ", "fk_estado_vehiculo": 2, "observacion": "", "codigo": "PLAT_6"}}, {"model": "rcs.condicionesgeneralesvehiculo", "pk": 14, "fields": {"parte": "36. Manillas Y Cerraduras", "fk_estado_vehiculo": 1, "observacion": "", "codigo": "MANI_CERR_6"}}, {"model": "rcs.condicionesgeneralesvehiculo", "pk": 15, "fields": {"parte": "37. Cometa", "fk_estado_vehiculo": 1, "observacion": "", "codigo": "COMT_6"}}, {"model": "rcs.condicionesgeneralesvehiculo", "pk": 16, "fields": {"parte": "38. Tableros ", "fk_estado_vehiculo": 1, "observacion": "", "codigo": "TAB_6"}}, {"model": "rcs.condicionesgeneralesvehiculo", "pk": 17, "fields": {"parte": "39. Limpia Parabrisas", "fk_estado_vehiculo": 1, "observacion": "", "codigo": "LIMP_PAR_6"}}, {"model": "rcs.condicionesgeneralesvehiculo", "pk": 18, "fields": {"parte": "40. Butacas Y Asientos", "fk_estado_vehiculo": 1, "observacion": "", "codigo": "BUT_ASI_6"}}, {"model": "rcs.condicionesgeneralesvehiculo", "pk": 19, "fields": {"parte": "41. Faros Y Sus Aros", "fk_estado_vehiculo": 1, "observacion": "", "codigo": "FAR_ARO_6"}}, {"model": "rcs.condicionesgeneralesvehiculo", "pk": 20, "fields": {"parte": "42. Retrovisores Externos ", "fk_estado_vehiculo": 1, "observacion": "", "codigo": "RET_EXT_6"}}, {"model": "rcs.condicionesgeneralesvehiculo", "pk": 21, "fields": {"parte": "43. Volantes", "fk_estado_vehiculo": 1, "observacion": "", "codigo": "VOL_6"}}, {"model": "rcs.condicionesgeneralesvehiculo", "pk": 22, "fields": {"parte": "44. Emblema De Modelo", "fk_estado_vehiculo": 1, "observacion": "", "codigo": "EMB_MOD_6"}}, {"model": "rcs.condicionesgeneralesvehiculo", "pk": 23, "fields": {"parte": "45. Guardafangos ", "fk_estado_vehiculo": 1, "observacion": "", "codigo": "GURD_FANG_6"}}, {"model": "rcs.condicionesgeneralesvehiculo", "pk": 24, "fields": {"parte": "46. Cinturones De Seguridad", "fk_estado_vehiculo": 1, "observacion": "", "codigo": "CINT_SEG_6"}}, {"model": "rcs.condicionesgeneralesvehiculo", "pk": 25, "fields": {"parte": "47. Estribos", "fk_estado_vehiculo": 1, "observacion": "", "codigo": "ESTR_6"}}, {"model": "rcs.condicionesgeneralesvehiculo", "pk": 26, "fields": {"parte": "48. Puertas ", "fk_estado_vehiculo": 1, "observacion": "", "codigo": "PUERT_6"}}, {"model": "rcs.condicionesgeneralesvehiculo", "pk": 27, "fields": {"parte": "49. Ventanas", "fk_estado_vehiculo": 2, "observacion": "", "codigo": "VENT_6"}}, {"model": "rcs.condicionesgeneralesvehiculo", "pk": 28, "fields": {"parte": "50. Frontal", "fk_estado_vehiculo": 1, "observacion": "", "codigo": "FRONT_6"}}, {"model": "rcs.condicionesgeneralesvehiculo", "pk": 29, "fields": {"parte": "51. Capot ", "fk_estado_vehiculo": 2, "observacion": "", "codigo": "CAPT_6"}}, {"model": "rcs.condicionesgeneralesvehiculo", "pk": 30, "fields": {"parte": "52. Maleta Y Tapa Maleta", "fk_estado_vehiculo": 1, "observacion": "", "codigo": "MALE_TAPA_MALE_6"}}, {"model": "rcs.condicionesgeneralesvehiculo", "pk": 31, "fields": {"parte": "53. Modific. Del Modelo", "fk_estado_vehiculo": 1, "observacion": "", "codigo": "MOD_MODELO_6"}}, {"model": "rcs.condicionesgeneralesvehiculo", "pk": 32, "fields": {"parte": "54. Carter Trasero", "fk_estado_vehiculo": 1, "observacion": "", "codigo": "CAR_TRAS_6"}}, {"model": "rcs.condicionesgeneralesvehiculo", "pk": 33, "fields": {"parte": "23. Latoneria", "fk_estado_vehiculo": 1, "observacion": "", "codigo": "LAT_7"}}, {"model": "rcs.condicionesgeneralesvehiculo", "pk": 34, "fields": {"parte": "24. Planilla O Rejilla Frontal", "fk_estado_vehiculo": 2, "observacion": "", "codigo": "PLA_REJ_FRO_7"}}, {"model": "rcs.condicionesgeneralesvehiculo", "pk": 35, "fields": {"parte": "25. Techo ", "fk_estado_vehiculo": 1, "observacion": "", "codigo": "TECH_7"}}, {"model": "rcs.condicionesgeneralesvehiculo", "pk": 36, "fields": {"parte": "26. Pintura", "fk_estado_vehiculo": 1, "observacion": "", "codigo": "PINT_7"}}, {"model": "rcs.condicionesgeneralesvehiculo", "pk": 37, "fields": {"parte": "27. Sop O Focos Traseros", "fk_estado_vehiculo": 2, "observacion": "", "codigo": "SOP_FOC_TRAS_7"}}, {"model": "rcs.condicionesgeneralesvehiculo", "pk": 38, "fields": {"parte": "28. Compuesta Trasera", "fk_estado_vehiculo": 2, "observacion": "", "codigo": "COMP_TRAS_7"}}, {"model": "rcs.condicionesgeneralesvehiculo", "pk": 39, "fields": {"parte": "29. Tapiceria", "fk_estado_vehiculo": 2, "observacion": "", "codigo": "TAPI_7"}}, {"model": "rcs.condicionesgeneralesvehiculo", "pk": 40, "fields": {"parte": "30. Cocuyos Frontales", "fk_estado_vehiculo": 1, "observacion": "", "codigo": "COC_FRON_7"}}, {"model": "rcs.condicionesgeneralesvehiculo", "pk": 41, "fields": {"parte": "31. Parabrisas", "fk_estado_vehiculo": 2, "observacion": "", "codigo": "PARABR_7"}}, {"model": "rcs.condicionesgeneralesvehiculo", "pk": 42, "fields": {"parte": "32. Cauchos", "fk_estado_vehiculo": 2, "observacion": "", "codigo": "CAUCH_7"}}, {"model": "rcs.condicionesgeneralesvehiculo", "pk": 43, "fields": {"parte": "33. Retrovisor Interno", "fk_estado_vehiculo": 2, "observacion": "", "codigo": "RET_INT_7"}}, {"model": "rcs.condicionesgeneralesvehiculo", "pk": 44, "fields": {"parte": "34. Parachoques", "fk_estado_vehiculo": 2, "observacion": "", "codigo": "PAR_CHOQ_7"}}, {"model": "rcs.condicionesgeneralesvehiculo", "pk": 45, "fields": {"parte": "35. Platinas ", "fk_estado_vehiculo": 2, "observacion": "", "codigo": "PLAT_7"}}, {"model": "rcs.condicionesgeneralesvehiculo", "pk": 46, "fields": {"parte": "36. Manillas Y Cerraduras", "fk_estado_vehiculo": 3, "observacion": "", "codigo": "MANI_CERR_7"}}, {"model": "rcs.condicionesgeneralesvehiculo", "pk": 47, "fields": {"parte": "37. Cometa", "fk_estado_vehiculo": 1, "observacion": "", "codigo": "COMT_7"}}, {"model": "rcs.condicionesgeneralesvehiculo", "pk": 48, "fields": {"parte": "38. Tableros ", "fk_estado_vehiculo": 2, "observacion": "", "codigo": "TAB_7"}}, {"model": "rcs.condicionesgeneralesvehiculo", "pk": 49, "fields": {"parte": "39. Limpia Parabrisas", "fk_estado_vehiculo": 1, "observacion": "", "codigo": "LIMP_PAR_7"}}, {"model": "rcs.condicionesgeneralesvehiculo", "pk": 50, "fields": {"parte": "40. Butacas Y Asientos", "fk_estado_vehiculo": 2, "observacion": "", "codigo": "BUT_ASI_7"}}, {"model": "rcs.condicionesgeneralesvehiculo", "pk": 51, "fields": {"parte": "41. Faros Y Sus Aros", "fk_estado_vehiculo": 2, "observacion": "", "codigo": "FAR_ARO_7"}}, {"model": "rcs.condicionesgeneralesvehiculo", "pk": 52, "fields": {"parte": "42. Retrovisores Externos ", "fk_estado_vehiculo": 2, "observacion": "", "codigo": "RET_EXT_7"}}, {"model": "rcs.condicionesgeneralesvehiculo", "pk": 53, "fields": {"parte": "43. Volantes", "fk_estado_vehiculo": 1, "observacion": "", "codigo": "VOL_7"}}, {"model": "rcs.condicionesgeneralesvehiculo", "pk": 54, "fields": {"parte": "44. Emblema De Modelo", "fk_estado_vehiculo": 2, "observacion": "", "codigo": "EMB_MOD_7"}}, {"model": "rcs.condicionesgeneralesvehiculo", "pk": 55, "fields": {"parte": "45. Guardafangos ", "fk_estado_vehiculo": 1, "observacion": "", "codigo": "GURD_FANG_7"}}, {"model": "rcs.condicionesgeneralesvehiculo", "pk": 56, "fields": {"parte": "46. Cinturones De Seguridad", "fk_estado_vehiculo": 2, "observacion": "", "codigo": "CINT_SEG_7"}}, {"model": "rcs.condicionesgeneralesvehiculo", "pk": 57, "fields": {"parte": "47. Estribos", "fk_estado_vehiculo": 2, "observacion": "", "codigo": "ESTR_7"}}, {"model": "rcs.condicionesgeneralesvehiculo", "pk": 58, "fields": {"parte": "48. Puertas ", "fk_estado_vehiculo": 1, "observacion": "", "codigo": "PUERT_7"}}, {"model": "rcs.condicionesgeneralesvehiculo", "pk": 59, "fields": {"parte": "49. Ventanas", "fk_estado_vehiculo": 2, "observacion": "", "codigo": "VENT_7"}}, {"model": "rcs.condicionesgeneralesvehiculo", "pk": 60, "fields": {"parte": "50. Frontal", "fk_estado_vehiculo": 1, "observacion": "", "codigo": "FRONT_7"}}, {"model": "rcs.condicionesgeneralesvehiculo", "pk": 61, "fields": {"parte": "51. Capot ", "fk_estado_vehiculo": 2, "observacion": "", "codigo": "CAPT_7"}}, {"model": "rcs.condicionesgeneralesvehiculo", "pk": 62, "fields": {"parte": "52. Maleta Y Tapa Maleta", "fk_estado_vehiculo": 1, "observacion": "", "codigo": "MALE_TAPA_MALE_7"}}, {"model": "rcs.condicionesgeneralesvehiculo", "pk": 63, "fields": {"parte": "53. Modific. Del Modelo", "fk_estado_vehiculo": 2, "observacion": "", "codigo": "MOD_MODELO_7"}}, {"model": "rcs.condicionesgeneralesvehiculo", "pk": 64, "fields": {"parte": "54. Carter Trasero", "fk_estado_vehiculo": 1, "observacion": "", "codigo": "CAR_TRAS_7"}}, {"model": "rcs.mecanicabase", "pk": 1, "fields": {"parte": "56. Encenddo", "fk_estado_vehiculo": null, "observacion": null, "codigo": "ENC"}}, {"model": "rcs.mecanicabase", "pk": 2, "fields": {"parte": "57. Embraque O Crocht", "fk_estado_vehiculo": null, "observacion": null, "codigo": "EMB_CROCH"}}, {"model": "rcs.mecanicabase", "pk": 3, "fields": {"parte": "58. Sistema Electrico", "fk_estado_vehiculo": null, "observacion": null, "codigo": "SIS_ELEC"}}, {"model": "rcs.mecanicabase", "pk": 4, "fields": {"parte": "59. Otros", "fk_estado_vehiculo": null, "observacion": null, "codigo": "OTRO1_MV"}}, {"model": "rcs.mecanicabase", "pk": 5, "fields": {"parte": "60. Otros", "fk_estado_vehiculo": null, "observacion": null, "codigo": "OTRO2_MV"}}, {"model": "rcs.mecanicabase", "pk": 6, "fields": {"parte": "61. Otros", "fk_estado_vehiculo": null, "observacion": null, "codigo": "OTRO3_MV"}}, {"model": "rcs.mecanicavehiculo", "pk": 1, "fields": {"parte": "56. Encenddo", "fk_estado_vehiculo": 1, "observacion": "", "codigo": "ENC_6"}}, {"model": "rcs.mecanicavehiculo", "pk": 2, "fields": {"parte": "57. Embraque O Crocht", "fk_estado_vehiculo": 1, "observacion": "", "codigo": "EMB_CROCH_6"}}, {"model": "rcs.mecanicavehiculo", "pk": 3, "fields": {"parte": "58. Sistema Electrico", "fk_estado_vehiculo": 1, "observacion": "", "codigo": "SIS_ELEC_6"}}, {"model": "rcs.mecanicavehiculo", "pk": 4, "fields": {"parte": "59. Otros", "fk_estado_vehiculo": 1, "observacion": "Otro 1", "codigo": "OTRO1_MV_6"}}, {"model": "rcs.mecanicavehiculo", "pk": 5, "fields": {"parte": "56. Encenddo", "fk_estado_vehiculo": 1, "observacion": "", "codigo": "ENC_7"}}, {"model": "rcs.mecanicavehiculo", "pk": 6, "fields": {"parte": "57. Embraque O Crocht", "fk_estado_vehiculo": 1, "observacion": "", "codigo": "EMB_CROCH_7"}}, {"model": "rcs.mecanicavehiculo", "pk": 7, "fields": {"parte": "58. Sistema Electrico", "fk_estado_vehiculo": 1, "observacion": "", "codigo": "SIS_ELEC_7"}}, {"model": "rcs.accesoriosbase", "pk": 1, "fields": {"accesorio": "62. Radio / Antena  ", "existe": false, "observacion": null, "codigo": "RADIO_ANT"}}, {"model": "rcs.accesoriosbase", "pk": 2, "fields": {"accesorio": "63. Foco De Posicion", "existe": false, "observacion": null, "codigo": "FOC_POS"}}, {"model": "rcs.accesoriosbase", "pk": 3, "fields": {"accesorio": "64. Rines Especiales", "existe": false, "observacion": null, "codigo": "RIN_ESP"}}, {"model": "rcs.accesoriosbase", "pk": 4, "fields": {"accesorio": "65. Radio Reproductor", "existe": false, "observacion": null, "codigo": "RAD_REP"}}, {"model": "rcs.accesoriosbase", "pk": 5, "fields": {"accesorio": "66. Aire Acondicionado", "existe": false, "observacion": null, "codigo": "AIR_ACON"}}, {"model": "rcs.accesoriosbase", "pk": 6, "fields": {"accesorio": "67. Caucho Respuesto", "existe": false, "observacion": null, "codigo": "CAUC_RESP"}}, {"model": "rcs.accesoriosbase", "pk": 7, "fields": {"accesorio": "68. Reproductor de Antena", "existe": false, "observacion": null, "codigo": "REP_ANT"}}, {"model": "rcs.accesoriosbase", "pk": 8, "fields": {"accesorio": "69. Spoiler ", "existe": false, "observacion": null, "codigo": "SPOIL"}}, {"model": "rcs.accesoriosbase", "pk": 9, "fields": {"accesorio": "70. Parachoque Espec. (Mataburro)", "existe": false, "observacion": null, "codigo": "PAR_ESP"}}, {"model": "rcs.accesoriosbase", "pk": 10, "fields": {"accesorio": "71. Cornetas Especiales ", "existe": false, "observacion": null, "codigo": "CORN_ESP"}}, {"model": "rcs.accesoriosbase", "pk": 11, "fields": {"accesorio": "72. Llave De Cruz ", "existe": false, "observacion": null, "codigo": "LLAV_CRUZ"}}, {"model": "rcs.accesoriosbase", "pk": 12, "fields": {"accesorio": "73. Rayas Decativas", "existe": false, "observacion": null, "codigo": "RAY_DEC"}}, {"model": "rcs.accesoriosbase", "pk": 13, "fields": {"accesorio": "74. Compact Disc", "existe": false, "observacion": null, "codigo": "COMP_DISC"}}, {"model": "rcs.accesoriosbase", "pk": 14, "fields": {"accesorio": "75. Triangulo De Seguridad", "existe": false, "observacion": null, "codigo": "TRI_SEG"}}, {"model": "rcs.accesoriosbase", "pk": 15, "fields": {"accesorio": "76. Tazas De Los Cauchos ", "existe": false, "observacion": null, "codigo": "TAZ_CAUCH"}}, {"model": "rcs.accesoriosbase", "pk": 16, "fields": {"accesorio": "77. Ecualizados", "existe": false, "observacion": null, "codigo": "ECUAL"}}, {"model": "rcs.accesoriosbase", "pk": 17, "fields": {"accesorio": "78. Parrilla Techo", "existe": false, "observacion": null, "codigo": "PARR_TECH"}}, {"model": "rcs.accesoriosbase", "pk": 18, "fields": {"accesorio": "79. Volante Especial", "existe": false, "observacion": null, "codigo": "VOL_ESP"}}, {"model": "rcs.accesoriosbase", "pk": 19, "fields": {"accesorio": "80. Televizor", "existe": false, "observacion": null, "codigo": "TV"}}, {"model": "rcs.accesoriosbase", "pk": 20, "fields": {"accesorio": "81. Cabina", "existe": false, "observacion": null, "codigo": "CABI"}}, {"model": "rcs.accesoriosbase", "pk": 21, "fields": {"accesorio": "82. Gato ", "existe": false, "observacion": null, "codigo": "GATO"}}, {"model": "rcs.accesoriosbase", "pk": 22, "fields": {"accesorio": "83. Planta", "existe": false, "observacion": null, "codigo": "PLANT"}}, {"model": "rcs.accesoriosbase", "pk": 23, "fields": {"accesorio": "84. Faros Especiales", "existe": false, "observacion": null, "codigo": "FAR_ESP"}}, {"model": "rcs.accesoriosbase", "pk": 24, "fields": {"accesorio": "85. Anti-Robo", "existe": false, "observacion": null, "codigo": "ANT_ROB"}}, {"model": "rcs.accesoriosbase", "pk": 25, "fields": {"accesorio": "86. Tranca Pedal", "existe": false, "observacion": null, "codigo": "TRAN_PED"}}, {"model": "rcs.accesoriosbase", "pk": 26, "fields": {"accesorio": "87. Themo King", "existe": false, "observacion": null, "codigo": "THE_KING"}}, {"model": "rcs.accesoriosbase", "pk": 27, "fields": {"accesorio": "88. Otro ", "existe": false, "observacion": null, "codigo": "OTRO1"}}, {"model": "rcs.accesoriosbase", "pk": 28, "fields": {"accesorio": "89. Cortacorreinte", "existe": false, "observacion": null, "codigo": "CORT_COR"}}, {"model": "rcs.accesoriosbase", "pk": 29, "fields": {"accesorio": "90. Tranca Palanca", "existe": false, "observacion": null, "codigo": "TRANC_PALNC"}}, {"model": "rcs.accesoriosbase", "pk": 30, "fields": {"accesorio": "91. Otro ", "existe": false, "observacion": null, "codigo": "OTRO2"}}, {"model": "rcs.accesoriosvehiculo", "pk": 1, "fields": {"accesorio": "62. Radio / Antena  ", "existe": true, "observacion": "Radio", "codigo": "RADIO_ANT_6"}}, {"model": "rcs.accesoriosvehiculo", "pk": 2, "fields": {"accesorio": "63. Foco De Posicion", "existe": true, "observacion": "", "codigo": "FOC_POS_6"}}, {"model": "rcs.accesoriosvehiculo", "pk": 3, "fields": {"accesorio": "64. Rines Especiales", "existe": false, "observacion": "", "codigo": "RIN_ESP_6"}}, {"model": "rcs.accesoriosvehiculo", "pk": 4, "fields": {"accesorio": "65. Radio Reproductor", "existe": true, "observacion": "", "codigo": "RAD_REP_6"}}, {"model": "rcs.accesoriosvehiculo", "pk": 5, "fields": {"accesorio": "66. Aire Acondicionado", "existe": true, "observacion": "", "codigo": "AIR_ACON_6"}}, {"model": "rcs.accesoriosvehiculo", "pk": 6, "fields": {"accesorio": "67. Caucho Respuesto", "existe": true, "observacion": "", "codigo": "CAUC_RESP_6"}}, {"model": "rcs.accesoriosvehiculo", "pk": 7, "fields": {"accesorio": "68. Reproductor de Antena", "existe": true, "observacion": "", "codigo": "REP_ANT_6"}}, {"model": "rcs.accesoriosvehiculo", "pk": 8, "fields": {"accesorio": "69. Spoiler ", "existe": false, "observacion": "", "codigo": "SPOIL_6"}}, {"model": "rcs.accesoriosvehiculo", "pk": 9, "fields": {"accesorio": "70. Parachoque Espec. (Mataburro)", "existe": false, "observacion": "", "codigo": "PAR_ESP_6"}}, {"model": "rcs.accesoriosvehiculo", "pk": 10, "fields": {"accesorio": "71. Cornetas Especiales ", "existe": true, "observacion": "", "codigo": "CORN_ESP_6"}}, {"model": "rcs.accesoriosvehiculo", "pk": 11, "fields": {"accesorio": "72. Llave De Cruz ", "existe": true, "observacion": "", "codigo": "LLAV_CRUZ_6"}}, {"model": "rcs.accesoriosvehiculo", "pk": 12, "fields": {"accesorio": "73. Rayas Decativas", "existe": false, "observacion": "", "codigo": "RAY_DEC_6"}}, {"model": "rcs.accesoriosvehiculo", "pk": 13, "fields": {"accesorio": "74. Compact Disc", "existe": false, "observacion": "", "codigo": "COMP_DISC_6"}}, {"model": "rcs.accesoriosvehiculo", "pk": 14, "fields": {"accesorio": "75. Triangulo De Seguridad", "existe": true, "observacion": "", "codigo": "TRI_SEG_6"}}, {"model": "rcs.accesoriosvehiculo", "pk": 15, "fields": {"accesorio": "76. Tazas De Los Cauchos ", "existe": true, "observacion": "", "codigo": "TAZ_CAUCH_6"}}, {"model": "rcs.accesoriosvehiculo", "pk": 16, "fields": {"accesorio": "77. Ecualizados", "existe": false, "observacion": "", "codigo": "ECUAL_6"}}, {"model": "rcs.accesoriosvehiculo", "pk": 17, "fields": {"accesorio": "78. Parrilla Techo", "existe": false, "observacion": "", "codigo": "PARR_TECH_6"}}, {"model": "rcs.accesoriosvehiculo", "pk": 18, "fields": {"accesorio": "79. Volante Especial", "existe": true, "observacion": "", "codigo": "VOL_ESP_6"}}, {"model": "rcs.accesoriosvehiculo", "pk": 19, "fields": {"accesorio": "80. Televizor", "existe": false, "observacion": "", "codigo": "TV_6"}}, {"model": "rcs.accesoriosvehiculo", "pk": 20, "fields": {"accesorio": "81. Cabina", "existe": true, "observacion": "", "codigo": "CABI_6"}}, {"model": "rcs.accesoriosvehiculo", "pk": 21, "fields": {"accesorio": "82. Gato ", "existe": true, "observacion": "", "codigo": "GATO_6"}}, {"model": "rcs.accesoriosvehiculo", "pk": 22, "fields": {"accesorio": "83. Planta", "existe": false, "observacion": "", "codigo": "PLANT_6"}}, {"model": "rcs.accesoriosvehiculo", "pk": 23, "fields": {"accesorio": "84. Faros Especiales", "existe": true, "observacion": "", "codigo": "FAR_ESP_6"}}, {"model": "rcs.accesoriosvehiculo", "pk": 24, "fields": {"accesorio": "85. Anti-Robo", "existe": true, "observacion": "", "codigo": "ANT_ROB_6"}}, {"model": "rcs.accesoriosvehiculo", "pk": 25, "fields": {"accesorio": "86. Tranca Pedal", "existe": true, "observacion": "", "codigo": "TRAN_PED_6"}}, {"model": "rcs.accesoriosvehiculo", "pk": 26, "fields": {"accesorio": "87. Themo King", "existe": true, "observacion": "", "codigo": "THE_KING_6"}}, {"model": "rcs.accesoriosvehiculo", "pk": 27, "fields": {"accesorio": "88. Otro ", "existe": true, "observacion": "Porta Vasos", "codigo": "OTRO1_6"}}, {"model": "rcs.accesoriosvehiculo", "pk": 28, "fields": {"accesorio": "89. Cortacorreinte", "existe": false, "observacion": "", "codigo": "CORT_COR_6"}}, {"model": "rcs.accesoriosvehiculo", "pk": 29, "fields": {"accesorio": "90. Tranca Palanca", "existe": true, "observacion": "", "codigo": "TRANC_PALNC_6"}}, {"model": "rcs.accesoriosvehiculo", "pk": 30, "fields": {"accesorio": "62. Radio / Antena  ", "existe": true, "observacion": "Radio", "codigo": "RADIO_ANT_7"}}, {"model": "rcs.accesoriosvehiculo", "pk": 31, "fields": {"accesorio": "63. Foco De Posicion", "existe": true, "observacion": "", "codigo": "FOC_POS_7"}}, {"model": "rcs.accesoriosvehiculo", "pk": 32, "fields": {"accesorio": "64. Rines Especiales", "existe": false, "observacion": "", "codigo": "RIN_ESP_7"}}, {"model": "rcs.accesoriosvehiculo", "pk": 33, "fields": {"accesorio": "65. Radio Reproductor", "existe": false, "observacion": "", "codigo": "RAD_REP_7"}}, {"model": "rcs.accesoriosvehiculo", "pk": 34, "fields": {"accesorio": "66. Aire Acondicionado", "existe": true, "observacion": "", "codigo": "AIR_ACON_7"}}, {"model": "rcs.accesoriosvehiculo", "pk": 35, "fields": {"accesorio": "67. Caucho Respuesto", "existe": false, "observacion": "", "codigo": "CAUC_RESP_7"}}, {"model": "rcs.accesoriosvehiculo", "pk": 36, "fields": {"accesorio": "68. Reproductor de Antena", "existe": true, "observacion": "", "codigo": "REP_ANT_7"}}, {"model": "rcs.accesoriosvehiculo", "pk": 37, "fields": {"accesorio": "69. Spoiler ", "existe": false, "observacion": "", "codigo": "SPOIL_7"}}, {"model": "rcs.accesoriosvehiculo", "pk": 38, "fields": {"accesorio": "70. Parachoque Espec. (Mataburro)", "existe": false, "observacion": "", "codigo": "PAR_ESP_7"}}, {"model": "rcs.accesoriosvehiculo", "pk": 39, "fields": {"accesorio": "71. Cornetas Especiales ", "existe": true, "observacion": "", "codigo": "CORN_ESP_7"}}, {"model": "rcs.accesoriosvehiculo", "pk": 40, "fields": {"accesorio": "72. Llave De Cruz ", "existe": false, "observacion": "", "codigo": "LLAV_CRUZ_7"}}, {"model": "rcs.accesoriosvehiculo", "pk": 41, "fields": {"accesorio": "73. Rayas Decativas", "existe": false, "observacion": "", "codigo": "RAY_DEC_7"}}, {"model": "rcs.accesoriosvehiculo", "pk": 42, "fields": {"accesorio": "74. Compact Disc", "existe": true, "observacion": "", "codigo": "COMP_DISC_7"}}, {"model": "rcs.accesoriosvehiculo", "pk": 43, "fields": {"accesorio": "75. Triangulo De Seguridad", "existe": false, "observacion": "", "codigo": "TRI_SEG_7"}}, {"model": "rcs.accesoriosvehiculo", "pk": 44, "fields": {"accesorio": "76. Tazas De Los Cauchos ", "existe": false, "observacion": "", "codigo": "TAZ_CAUCH_7"}}, {"model": "rcs.accesoriosvehiculo", "pk": 45, "fields": {"accesorio": "77. Ecualizados", "existe": true, "observacion": "", "codigo": "ECUAL_7"}}, {"model": "rcs.accesoriosvehiculo", "pk": 46, "fields": {"accesorio": "78. Parrilla Techo", "existe": false, "observacion": "", "codigo": "PARR_TECH_7"}}, {"model": "rcs.accesoriosvehiculo", "pk": 47, "fields": {"accesorio": "79. Volante Especial", "existe": true, "observacion": "", "codigo": "VOL_ESP_7"}}, {"model": "rcs.accesoriosvehiculo", "pk": 48, "fields": {"accesorio": "80. Televizor", "existe": true, "observacion": "", "codigo": "TV_7"}}, {"model": "rcs.accesoriosvehiculo", "pk": 49, "fields": {"accesorio": "81. Cabina", "existe": false, "observacion": "", "codigo": "CABI_7"}}, {"model": "rcs.accesoriosvehiculo", "pk": 50, "fields": {"accesorio": "82. Gato ", "existe": true, "observacion": "", "codigo": "GATO_7"}}, {"model": "rcs.accesoriosvehiculo", "pk": 51, "fields": {"accesorio": "83. Planta", "existe": true, "observacion": "", "codigo": "PLANT_7"}}, {"model": "rcs.accesoriosvehiculo", "pk": 52, "fields": {"accesorio": "84. Faros Especiales", "existe": true, "observacion": "", "codigo": "FAR_ESP_7"}}, {"model": "rcs.accesoriosvehiculo", "pk": 53, "fields": {"accesorio": "85. Anti-Robo", "existe": true, "observacion": "", "codigo": "ANT_ROB_7"}}, {"model": "rcs.accesoriosvehiculo", "pk": 54, "fields": {"accesorio": "86. Tranca Pedal", "existe": true, "observacion": "", "codigo": "TRAN_PED_7"}}, {"model": "rcs.accesoriosvehiculo", "pk": 55, "fields": {"accesorio": "87. Themo King", "existe": true, "observacion": "", "codigo": "THE_KING_7"}}, {"model": "rcs.accesoriosvehiculo", "pk": 56, "fields": {"accesorio": "89. Cortacorreinte", "existe": true, "observacion": "", "codigo": "CORT_COR_7"}}, {"model": "rcs.accesoriosvehiculo", "pk": 57, "fields": {"accesorio": "90. Tranca Palanca", "existe": true, "observacion": "", "codigo": "TRANC_PALNC_7"}}, {"model": "rcs.detallesdatos", "pk": 1, "fields": {"pieza": "92. Pieza", "tipo_dano": null, "costo_aproximado": null, "codigo": "PIEZA"}}, {"model": "rcs.detallesdatos", "pk": 2, "fields": {"pieza": "93. Tipo de Da\u00f1o", "tipo_dano": null, "costo_aproximado": null, "codigo": "TIP_DAM"}}, {"model": "rcs.detallesdatos", "pk": 3, "fields": {"pieza": "94. Costo Aprox.", "tipo_dano": null, "costo_aproximado": null, "codigo": "COST_APRX"}}, {"model": "rcs.detallesdatos", "pk": 6, "fields": {"pieza": "Microchip", "tipo_dano": "Quemado", "costo_aproximado": "350000.00", "codigo": "F9129"}}, {"model": "rcs.detallesdatos", "pk": 7, "fields": {"pieza": "Tablero Electrico", "tipo_dano": "Fusil averiado", "costo_aproximado": "40000.00", "codigo": "E398019"}}, {"model": "rcs.detallesdatos", "pk": 8, "fields": {"pieza": "Platina del techo", "tipo_dano": "Abolladuras", "costo_aproximado": "150000.00", "codigo": "108279"}}, {"model": "rcs.detallesdatos", "pk": 9, "fields": {"pieza": "123", "tipo_dano": "1was", "costo_aproximado": "123124123.00", "codigo": "qweqwe"}}, {"model": "rcs.documentospresentadosbase", "pk": 1, "fields": {"nombre": "95. Registro Automotor Permanente (R.P.A)", "recibido": false, "codigo": "RAP"}}, {"model": "rcs.documentospresentadosbase", "pk": 2, "fields": {"nombre": "96. Carnet De Circulacion", "recibido": false, "codigo": "CAR_CIRC"}}, {"model": "rcs.documentospresentadosbase", "pk": 3, "fields": {"nombre": "97. Documento De Propiedad (Original/Copia)", "recibido": false, "codigo": "DOC_PRO"}}, {"model": "rcs.documentospresentadosbase", "pk": 4, "fields": {"nombre": "98. Facutura De Compra", "recibido": false, "codigo": "FACT_COMP"}}, {"model": "rcs.documentospresentadosbase", "pk": 5, "fields": {"nombre": "99. Planilla Del Senial De Exoneracion De Impuestos", "recibido": false, "codigo": "PLA_SEN_EX"}}, {"model": "rcs.documentospresentadosbase", "pk": 6, "fields": {"nombre": "100. Certificado De Origen", "recibido": false, "codigo": "CERT_ORI"}}, {"model": "rcs.documentospresentados", "pk": 1, "fields": {"nombre": "95. Registro Automotor Permanente (R.P.A)", "recibido": true, "codigo": "RAP_6"}}, {"model": "rcs.documentospresentados", "pk": 2, "fields": {"nombre": "96. Carnet De Circulacion", "recibido": true, "codigo": "CAR_CIRC_6"}}, {"model": "rcs.documentospresentados", "pk": 3, "fields": {"nombre": "97. Documento De Propiedad (Original/Copia)", "recibido": true, "codigo": "DOC_PRO_6"}}, {"model": "rcs.documentospresentados", "pk": 4, "fields": {"nombre": "98. Facutura De Compra", "recibido": false, "codigo": "FACT_COMP_6"}}, {"model": "rcs.documentospresentados", "pk": 5, "fields": {"nombre": "99. Planilla Del Senial De Exoneracion De Impuestos", "recibido": true, "codigo": "PLA_SEN_EX_6"}}, {"model": "rcs.documentospresentados", "pk": 6, "fields": {"nombre": "100. Certificado De Origen", "recibido": true, "codigo": "CERT_ORI_6"}}, {"model": "rcs.documentospresentados", "pk": 7, "fields": {"nombre": "95. Registro Automotor Permanente (R.P.A)", "recibido": true, "codigo": "RAP_7"}}, {"model": "rcs.documentospresentados", "pk": 8, "fields": {"nombre": "96. Carnet De Circulacion", "recibido": true, "codigo": "CAR_CIRC_7"}}, {"model": "rcs.documentospresentados", "pk": 9, "fields": {"nombre": "97. Documento De Propiedad (Original/Copia)", "recibido": true, "codigo": "DOC_PRO_7"}}, {"model": "rcs.documentospresentados", "pk": 10, "fields": {"nombre": "98. Facutura De Compra", "recibido": false, "codigo": "FACT_COMP_7"}}, {"model": "rcs.documentospresentados", "pk": 11, "fields": {"nombre": "99. Planilla Del Senial De Exoneracion De Impuestos", "recibido": true, "codigo": "PLA_SEN_EX_7"}}, {"model": "rcs.documentospresentados", "pk": 12, "fields": {"nombre": "100. Certificado De Origen", "recibido": false, "codigo": "CERT_ORI_7"}}, {"model": "rcs.titularvehiculo", "pk": 6, "fields": {"nombre": "Pedro", "apellido": "Perez", "cedula": "1092772", "telefono": "(0424)-881-92-81"}}, {"model": "rcs.titularvehiculo", "pk": 7, "fields": {"nombre": "Armando Luis", "apellido": "Mendoza Castillo", "cedula": "8177301", "telefono": "(0424)-182-17-28"}}, {"model": "rcs.trajovehiculo", "pk": 3, "fields": {"nombre": "Juan", "apellido": "Perez", "cedula": "23098190", "parentesco": "Hijo"}}, {"model": "rcs.trajovehiculo", "pk": 4, "fields": {"nombre": "Luis Galindes", "apellido": "Mendoza Florentino", "cedula": "8177301", "parentesco": "Hermano"}}, {"model": "rcs.vehiculo", "pk": 6, "fields": {"placa": "09AJSJ18", "fk_titular_vehiculo": 6, "cap_puestos": 4, "cilindros": "6", "peso": "1815kg", "color": "Gris", "kilometraje": "150km", "serial_carroceria": "FFA99SO12J", "serial_motor": "S17W394W02231131", "valor_estimado": "7500000.00", "modelo": "508", "marca": "Peugeot", "fk_inspector": 2, "fk_tipo_vehiculo": 1, "fk_tipo_manejo": 1, "anho": 2013, "condiciones_generales_vehiculo": [1, 2, 3, 4, 5, 6, 7, 8, 9, 10, 11, 12, 13, 14, 15, 16, 17, 18, 19, 20, 21, 22, 23, 24, 25, 26, 27, 28, 29, 30, 31, 32], "mecanica_vehiculo": [1, 2, 3, 4], "accesorios_vehiculo": [1, 2, 3, 4, 5, 6, 7, 8, 9, 10, 11, 12, 13, 14, 15, 16, 17, 18, 19, 20, 21, 22, 23, 24, 25, 26, 27, 28, 29], "detalles_datos": [6, 7, 8], "documentos_presentados": [1, 2, 3, 4, 5, 6]}}, {"model": "rcs.vehiculo", "pk": 7, "fields": {"placa": "FAM99P", "fk_titular_vehiculo": 7, "cap_puestos": 2, "cilindros": "12", "peso": "312", "color": "color", "kilometraje": "km", "serial_carroceria": "91283098", "serial_motor": "109283019283", "valor_estimado": "10923098.00", "modelo": "129038091823", "marca": "091823098102938", "fk_inspector": 2, "fk_tipo_vehiculo": 1, "fk_tipo_manejo": 1, "anho": 2014, "condiciones_generales_vehiculo": [33, 34, 35, 36, 37, 38, 39, 40, 41, 42, 43, 44, 45, 46, 47, 48, 49, 50, 51, 52, 53, 54, 55, 56, 57, 58, 59, 60, 61, 62, 63, 64], "mecanica_vehiculo": [5, 6, 7], "accesorios_vehiculo": [30, 31, 32, 33, 34, 35, 36, 37, 38, 39, 40, 41, 42, 43, 44, 45, 46, 47, 48, 49, 50, 51, 52, 53, 54, 55, 56, 57], "detalles_datos": [9], "documentos_presentados": [7, 8, 9, 10, 11, 12]}}, {"model": "rcs.motivosolicitud", "pk": 1, "fields": {"motivo": "Cobertura Amplia", "codigo": "COB_AMP"}}, {"model": "rcs.motivosolicitud", "pk": 2, "fields": {"motivo": "Perdida Total", "codigo": "PERD_TOT"}}, {"model": "rcs.motivosolicitud", "pk": 3, "fields": {"motivo": "Inclusion del Casco", "codigo": "INCL_CAS"}}, {"model": "rcs.motivosolicitud", "pk": 4, "fields": {"motivo": "Reparacion", "codigo": "REP"}}, {"model": "rcs.motivosolicitud", "pk": 5, "fields": {"motivo": "Aumento de la suma asegurada", "codigo": "AUM_SUM_ASEG"}}, {"model": "rcs.motivosolicitud", "pk": 6, "fields": {"motivo": "Plazo de gracia vencido", "codigo": "PLA_GRA_VENC"}}, {"model": "rcs.motivosolicitud", "pk": 7, "fields": {"motivo": "Inclusion de accesorios", "codigo": "INCL_ACCS"}}, {"model": "rcs.motivosolicitud", "pk": 8, "fields": {"motivo": "Cambio de vehiculo", "codigo": "CAMB_VEHI"}}, {"model": "rcs.solicitudinspeccion", "pk": 6, "fields": {"fk_vehiculo": 6, "fk_titular_vehiculo": 6, "fk_trajo_vehiculo": 3, "fk_inspector": 2, "siendo_verificada": null, "fecha_creacion": "2017-07-04T10:13:53.493Z", "fk_estado_solicitud": 3, "fk_motivo_solicitud": 1, "observaciones": "No hay observaciones a agregar.", "ruta": "cd89-dacb-8729-b3ef-d4a6-fcaa-6021-5047-3e1d-33f3/09AJSJ18/inspeccionplaca09ajsj18.pdf"}}, {"model": "rcs.solicitudinspeccion", "pk": 7, "fields": {"fk_vehiculo": 7, "fk_titular_vehiculo": 7, "fk_trajo_vehiculo": 4, "fk_inspector": 2, "siendo_verificada": null, "fecha_creacion": "2017-07-06T03:36:16.450Z", "fk_estado_solicitud": 3, "fk_motivo_solicitud": 1, "observaciones": "avvvvvvvvvvvvvvv", "ruta": "688d-e79b-c782-45eb-3fc8-4c99-ac64-d1a1-60ea-4f1b/FAM99P/inspeccionplacafam99p.pdf"}}]